Retail;Enseña;CIUDAD;PROVINCIA;DIRECCIÓN CENTRO;LATITUD;LONGITUD
A;A;BARCELONA;BARCELONA;DIAGONAL, 545 (L´ILLA DIAGONAL);41.3901737;2.1365398
A;A;CALDES DE MONTBUI;BARCELONA;PI I MARGALL, 183;41.6251843;2.1709701
A;A;ABRERA;BARCELONA;HOSTAL DEL PI, 4-6;41.5069578;1.9032708
A;A;BARCELONA;BARCELONA;PROVIDENCIA, 160-166;41.4097984;2.1628974
A;A;BARCELONA;BARCELONA;TRAVESSERA DE GRÀCIA, 72-78;41.3971374;2.151431
A;A;BARCELONA;BARCELONA;RAMBLA GUIPUZCUA, 116-120;41.4200323;2.2024343
A;A;BARCELONA;BARCELONA;SANT MARIUS 52-54;41.4021674;2.1357712
A;A;L´HOSPITALET;BARCELONA;RAMBLA MARINA, 303;41.35194;2.1084557
A;A;MOLLET DEL VALLES;BARCELONA;AVDA RABASSARIES S/N;41.5400412;2.2214591
A;A;STA. Mª. PALAUTORDERA;BARCELONA;CAMÍ VELL DE ST.CELONI, 13-33;41.6842374;2.4773947
A;A;MASNOU;BARCELONA;POL IND VORAMAR, NACIONAL II, KM 635;41.4839418;2.336648
A;A;LA GARRIGA;BARCELONA;POL.IND. CAN ILLA / AV.JACINT VERDAGUER;41.6743404;2.2795745
A;A;BLANES;GIRONA;CTRA. DE L´ESTACIÓ S/N;41.6759077;2.7771024
A;A;MALGRAT;BARCELONA;AVDA. DEL CARME, 14;41.6476301;2.7459388
A;A;SABADELL;BARCELONA;AV. BARBERA, 238;41.5341522;2.1141312
A;A;SANT CUGAT;BARCELONA;SALVADOR ESPRIU CANTONADA PAU VI;41.4667371;2.0700525
A;A;ALTAFULLA;TARRAGONA;CTRA NACIONAL 340, KM 1173;41.140144;1.3739999
A;A;CALAFELL;TARRAGONA;LATERAL CTRA COMARCAL 246, KM 56;41.1913422;1.5906646
A;A;SITGES;BARCELONA;RAMON DALMASES, 50;41.240244;1.7968802
A;A;SANT PERE DE RIBES;BARCELONA;PROLONGACION RONDA IBERICA S/N;41.2337315;1.7415888
A;A;CORBERA LLOBREGAT;BARCELONA;CTRA A SANT ANDREU DE LA BARCA 16 (ELS CARSOS);41.4482462;1.9694731
A;A;VILADECANS;BARCELONA;AV. JOSEP TARRADELLAS CANTONDAD C/ RAJOLERIA;41.3150077;2.0137014
A;A;ESPLUGUES;BARCELONA;CTRA. DE CORNELLÀ, 52-60;41.3750705;2.0859199
A;A;SANT VICENÇ DEL HORTS;BARCELONA;CTRA DE SANT BOI, 63;41.3971071;2.0110151
A;A;SANT BOI;BARCELONA;FRANCESC FERRES I FERRES, 2;41.3510435;2.0305673
A;A;SANT FELIU LLOBREGAT;BARCELONA;PASSEIG COMTE DE VILARDAGA, 119;41.3881111;2.0567689
A;A;SANT JOAN DESPI;BARCELONA;AVDA ONZE SETEMBRE, 13-17;41.3756802;2.0476983
A;A;MOLINS DE REI;BARCELONA;FRANCESC LAYRET, 2-4;41.4046781;2.0229867
A;A;SANT JUST;BARCELONA;L´ILLA WALDEN 7, ZONA R IV (WALDEN);41.3802939;2.0677564
A;A;VIELLA;LLEIDA;CTRA. DE FRANÇA, S/N;42.7102051;0.7969079
A;A;BARCELONA;BARCELONA;ESCIPIO, 22;41.4071893;2.1453303
A;A;BARCELONA;BARCELONA;MORAGUES, 15 (FOLGUEROLES);41.4081444;2.1366905
A;A;BARCELONA;BARCELONA;VINYAR, 21;41.4417181;2.1825938
A;A;BARCELONA;BARCELONA;PLAÇA FONT, 1 - MERCAT MUNICIPAL BARCELONETA;41.3842701;2.1855573
A;A;BARCELONA;BARCELONA;CINCA, 48-56;41.4381596;2.1924017
A;A;BARCELONA;BARCELONA;AV. DEL JORDA, 20-24;41.426969;2.1379495
A;A;BADALONA;BARCELONA;ANDREU SEGOVIA;41.4380602;2.2228929
A;A;BARCELONA;BARCELONA;MADRAZO, 100;41.3962557;2.143557
A;A;BARCELONA;BARCELONA;SENILLOSA, 8-10 (FONTCOBERTA);41.3952453;2.1244233
A;A;BARCELONA;BARCELONA;RAMBLA PRIM, 139;41.4205062;2.2066235
A;A;L'HOSPITALET;BARCELONA;SANTA EULALIA 51;41.3671437;2.1288761
A;A;L´HOSPITALET;BARCELONA;BARCELONA, 2 (LA FARGA);41.3632739;2.1047703
A;A;GRANOLLERS;BARCELONA;CTRA. COMARCAL 251 DE GRANOLLERS A SANT CELONI;41.7018881;2.5139492
A;A;MANRESA;BARCELONA;PASSEIG PERE III, S/N;41.7295121;1.8248134
A;A;BERGA;BARCELONA;AV.CANALS, S/N CANTONADA PERE II;42.1012595;1.8439221
A;A;LA SEU D´URGELL;LLEIDA;PASSEIG PASCUAL INGLA, 9-11;42.3586188;1.4578993
A;A;VILASSAR DE MAR;BARCELONA;CTRA A CABRILS S/N;41.5055865;2.3873323
A;A;ARENYS DE MAR;BARCELONA;NII PARAJE RIAL LLARG;41.5755525;2.5367109
A;A;CERDANYOLA DEL VALLES;BARCELONA;SANT RAMÓN 9;41.489348;2.1364409
A;A;GIRONA;GIRONA;PEDRET, 101-109;42.0021885;2.8239805
A;A;SENTMENAT;BARCELONA;CTRA DE CALDES S/N;41.5590386;2.1179642
A;A;PALAU DE PLEGAMANS;BARCELONA;AVDA CATALUNYA ENTRE NORD I ARIMON;41.583715;2.1805287
A;A;LLORET;GIRONA;CARRETERA DE BLANES, 120;41.7000041;2.8319658
A;A;SABADELL;BARCELONA;RAMBLA SABADELL, 141;41.5422745;2.1113499
A;A;RUBI;BARCELONA;PARCEL.LA A CAN SAN JOAN;41.4971174;2.0349243
A;A;SANT CUGAT;BARCELONA;RAMBLA CELLER COOPERATIU, 115;41.4721474;2.0880188
A;A;MARTORELL;BARCELONA;AV. FRANCESC RIERA, S/N;41.4808483;1.9139288
A;A;MONTBLANC;TARRAGONA;CTRA. N-240, S/N;41.6762184;0.5011768
A;A;SANTA OLIVA;TARRAGONA;POL. MOLÍ D´EN SERRA, PARCELA, 10-15;41.2533139;1.5521598
A;A;IGUALADA;BARCELONA;SANT JOSEP, 116;41.5848543;1.6258007
A;A;BEGUES;BARCELONA;PER VINDRE I VIAL NOU - ZONA INDUSTRIAL MAS PASCUAL;41.3330567;1.9184119
A;A;SANT ANDREU DE LA BARCA;BARCELONA;CRTA. NACIONAL II, KM 593 (SECTOR 21 - C. ST. ANDREU PARC);41.4531096;1.9698076
A;A;VILADECANS;BARCELONA;AVDA. DEL MOLI, 31;41.3218019;2.0116959
A;A;PRAT LLOBREGAT;BARCELONA;CARRETERA MARINA, 18;41.3279974;2.0992662
A;A;ESPLUGUES;BARCELONA;VERGE MERCÈ, S/N;41.3729514;2.0990533
A;A;VALLIRANA;BARCELONA;MAJOR, 200;41.3899342;1.9363505
A;A;S.JOAN DESPI;BARCELONA;AVDA. BARCELONA, S/N;41.361832;2.056686
A;A;CORNELLA;BARCELONA;AVDA. MIRANDA, 81;41.3601115;2.0791309
A;A;SANT JOAN DESPI;BARCELONA;BON VIATGE, 11;41.3662366;2.0574438
A;A;LLEIDA;LLEIDA;ONZE DE SETEMBRE, S/N;41.6220449;0.6104866
A;A;GOLMES;LLEIDA;POLÍGON IND. GOLPARK NII KM486;41.6324739;0.9322549
A;A;LES BORGES BLANQUES;LLEIDA;PASSEIG DEL TERRALL, 16-18;41.5193018;0.8663684
A;A;BARCELONA;BARCELONA;INDUSTRIA, 90-94;41.4083076;2.1720423
A;A;BARCELONA;BARCELONA;SICILIA, 406-408;41.4066077;2.1671542
A;A;BARCELONA;BARCELONA;PALENCIA, 13 - 21;41.4174376;2.189209
A;A;BARCELONA;BARCELONA;CASTILLEJOS 320;41.4092651;2.1748694
A;A;BARCELONA;BARCELONA;CARRETERA ANTIGA DE MATARO, 20-20 BIS;41.3923648;2.1886773
A;A;BARCELONA;BARCELONA;RICARDO VILLA, 2 (AVDA SARRIÀ);41.3923981;2.1331712
A;A;BARCELONA;BARCELONA;VERDI, 214 (MERCAT DE LESSEPS);41.4089783;2.1520486
A;A;BARCELONA;BARCELONA;ENCARNACIÓ, 86-88;41.4073899;2.1617338
A;A;BARCELONA;BARCELONA;GANDUXER, 14-16;41.3926716;2.1390643
A;A;BARCELONA;BARCELONA;FABRA I PUIG, 166-182;41.4303752;2.1797726
A;A;BARCELONA;BARCELONA;ANTONI COSTA CUIXART,23 (AV. BORBÓ);41.4278255;2.1748419
A;A;BARCELONA;BARCELONA;CARTELLÀ, 87-89;41.4283098;2.1699332
A;A;BARCELONA;BARCELONA;CÒRSEGA, 301;41.3949486;2.1569816
A;A;BARCELONA;BARCELONA;VILLARROEL 194-196;41.3912224;2.1490673
A;A;BARCELONA;BARCELONA;COMTE BORRELL, 218;41.3862735;2.15102
A;A;BARCELONA;BARCELONA;GRAN DE SANT ANDREU, 140;41.4315261;2.1895085
A;A;BARCELONA;BARCELONA;TRAVESSERA DE LES CORTS, 373;41.3903649;2.140567
A;A;BARCELONA;BARCELONA;GRAN DE SANT ANDREU, 456-462;41.4415599;2.1883922
A;A;BARCELONA;BARCELONA;PASSEIG VALLDAURA, 218-220;41.4379887;2.1738311
A;A;BARCELONA;BARCELONA;JOSEP TARRADELLAS, 114;41.3896144;2.1437406
A;A;BARCELONA;BARCELONA;BIGAI, 6;41.4050308;2.1327943
A;A;STA. COLOMA GRAM.;BARCELONA;AV. GENERALITAT, 44-46;41.449064;2.2100251
A;A;BARCELONA;BARCELONA;DESCARTES, 26-28 (SANTALÓ);41.3990655;2.1411548
A;A;BARCELONA;BARCELONA;CALVET, 41-45;41.395523;2.1421416
A;A;BARCELONA;BARCELONA;REINA ELISENDA, 9-11;41.3991672;2.1199469
A;A;BARCELONA;BARCELONA;MUNTANER, 470-474;41.4023879;2.1388054
A;A;BARCELONA;BARCELONA;SANTS, 71;41.3751839;2.1373698
A;A;L'HOSPITALET;BARCELONA;SANTA EULALIA 135;41.366518;2.1240432
A;A;BARCELONA;BARCELONA;OCCIDENT, 18-22 (COLLBLANC);41.3749513;2.1196628
A;A;BARCELONA;BARCELONA;AVINGUDA MADRID, 5-7 (COLLBLANC);41.3760686;2.1230911
A;A;L´HOSPITALET;BARCELONA;NTRA. SRA. BELLVITGE, 40-42;41.3520453;2.1087691
A;A;BARCELONA;BARCELONA;ST.ANTONI MARIA CLARET, 318;41.4147296;2.1793226
A;A;LA ROCA DEL VALLES;BARCELONA;ROQUEROL C/ SANT SADURNI;41.5891149;2.3242037
A;A;LES FRANQUESES;BARCELONA;CRTA. DE RIBES ESQ. PUIGSACALM Y FUSTER GORDI 52-54.;41.6299305;2.295408
A;A;ALP;GIRONA;PARCEL.LA A, SECTOR SUB-8;42.3728449;1.886116
A;A;GRANOLLERS;BARCELONA;MARE DÉU DE NÚRIA, S/N;41.6061927;2.2870889
A;A;PUIGCERDA;GIRONA;CLAUSTRE, 3-5;42.4331408;1.9280514
A;A;CERDANYOLA DEL VALLES;BARCELONA;AVINGUDA DE CATALUNYA 25-27;41.4926435;2.1457075
A;A;MATARO;BARCELONA;NICOLAU GUANYABENS, 29;41.5493614;2.4428524
A;A;MONTCADA I REIXACH;BARCELONA;PASSEIG JAUME I, 36;41.4821883;2.1891825
A;A;PREMIA;BARCELONA;GRAN VIA, 117;41.4946642;2.3591531
A;A;MASNOU;BARCELONA;ALMERÍA, 19;41.486495;2.3085102
A;A;ALELLA;BARCELONA;RIERA FOSCA, 12;41.4930368;2.2942343
A;A;MATARO;BARCELONA;AVDA. JAUME RECADER, 12;41.5349304;2.4423736
A;A;LES PRESES;GIRONA;CTRA NACIONAL 152 CRUILLA SANT MIQUEL DEL CORB;42.14391;2.4849899
A;A;GIRONA;GIRONA;SANTA EUGÈNIA, 120;41.9781268;2.8082532
A;A;CASSA;GIRONA;FRATERNITAT, S/N;41.8897768;2.8727919
A;A;GIRONA;GIRONA;SÈQUIA, 9;41.9833273;2.8206019
A;A;MANLLEU;BARCELONA;AVDA. DOCTOR OLIVERES, 118;42.0009473;2.2801995
A;A;CALONGE;GIRONA;AVDA CATALUNYA, 61;41.8492308;3.1079964
A;A;PLATJA D´ARO;GIRONA;CARRETERA DE SANT FELIU DE GUIXOLS, S/N;41.821796;3.0651328
A;A;LLORET;GIRONA;CARRETERA DE TOSSA, 100;41.7794569;3.0217604
A;A;ROSES;GIRONA;AV. PAU CASALS, S/N;42.2559378;3.073384
A;A;CALELLA;BARCELONA;TURISME, 53;41.6257519;2.6437438
A;A;BLANES;GIRONA;MURALLA, 5;41.6730522;2.7905975
A;A;BLANES;GIRONA;CRISTOBAL COLON, 32;41.6759103;2.7899934
A;A;TOSSA DE MAR;GIRONA;AVDA. FERRAN AGULLÓ CANTONADA CALAFAT;41.7228357;2.9309814
A;A;TERRASSA;BARCELONA;PASSEIG VINT-I-DOS DE JULIOL, 873;41.5678236;2.0402328
A;A;SABADELL;BARCELONA;SOL I PADRÍS, 100;41.5365584;2.1188559
A;A;TERRASSA;BARCELONA;HISPANITAT, 3;41.5706714;2.0021094
A;A;OLESA;BARCELONA;FRANCESC MACIÀ, 101-103;41.5425415;1.8921086
A;A;ESPARRAGUERA;BARCELONA;FONT DEL VIDAL, 24;41.5349994;1.8716474
A;A;PIERA;BARCELONA;PIERETA, 52;41.5230775;1.7546582
A;A;LA RAPITA;TARRAGONA;DEL FAR, S/N;40.6093159;0.5835966
A;A;AMPOSTA;TARRAGONA;CTRA. SANTA BÀRBARA, KM 1;40.7034665;0.5674965
A;A;EL VENDRELL;TARRAGONA;DEL TER, S/N;41.2183398;1.5508297
A;A;REUS;TARRAGONA;P. PRIM, S/N (FONT DE RUBINAT);41.1519502;1.1002206
A;A;TORREDEMBARRA;TARRAGONA;BARCELONA, S/N;41.1467533;1.3999969
A;A;SITGES;BARCELONA;PEP DEN GARRAF 2;41.2366126;1.8159709
A;A;SITGES;BARCELONA;EIX 2, PARCEL.LA 15 (POLÍGON MAS ALBA);41.2496962;1.8072072
A;A;IGUALADA;BARCELONA;AVINGUDA DR. PASTEUR, 10-14;41.587088;1.613259
A;A;CASTELLDEFELS;BARCELONA;AVDA.CONSTITUCIÓ, 101;41.279933;1.9798119
A;A;GAVA;BARCELONA;AUTOVIA CASTELLDEFELS, KM15.700;41.2915573;2.0509033
A;A;VILADECANS;BARCELONA;MARE DÉU DE MONTSERRAT, 119;41.3386713;2.0433741
A;A;SANT BOI;BARCELONA;PINTOR MARIA FORTUNY, 34-38;41.342236;2.039529
A;A;VILADECANS;BARCELONA;RIERA DE SANT LLORENÇ 44-46;41.3088705;2.0055086
A;A;MOLINS DE REI;BARCELONA;RAFAEL CASANOVA, S/N. MERCAT MUNICIPAL;41.4118557;2.0168257
A;A;CORNELLA;BARCELONA;MARCELINO MENENDEZ PELAYO (MERCAT CENTRE);41.353288;2.0714592
A;A;CORNELLA;BARCELONA;VISTALEGRE, 39-43;41.3621125;2.0749796
A;A;SANT JUST;BARCELONA;MIQUEL REVERTER, 11;41.3849006;2.0735547
A;A;BALAGUER;LLEIDA;URGELL, 61;41.7916168;0.8150054
A;A;TARREGA;LLEIDA;CARRASCO I FORMIGUERA, S/N;41.6519888;1.1483059
A;A;TARREGA;LLEIDA;PLAÇA EL.LIPTICA, S/N;41.6480797;1.1409432
A;A;TREMP;LLEIDA;LLEIDA, 11;42.165673;0.893537
A;A;ALCARRAS;LLEIDA;MAJOR, 91;41.5641385;0.52641
A;A;LA POBLA DE SEGUR;LLEIDA;AVDA. PIRINEOS, S/N;42.2505731;0.9673591
A;A;SOLSONA;LLEIDA;CTRA. DE TORÀ, 34;41.9919367;1.5122922
A;B;BARCELONA;BARCELONA;Calle Hondures, 74-76;41.4218546;2.1874718
A;B;BARCELONA;BARCELONA;Calle Ribes, 29;41.3949189;2.1815351
A;B;EL PRAT DE LLOBREGAT;BARCELONA;Carrer Enric Borras, 33;41.3314967;2.0979516
A;B;BARCELONA;BARCELONA;Calle Rocafort, 235-237;41.3850875;2.1452544
A;B;BARCELONA;BARCELONA;Avda. Gran Vía de les Corts Catalanes, 798;41.4001522;2.1836534
A;B;EL PRAT DE LLOBREGAT;BARCELONA;Carrer Tossa de Mar, 9;41.3205718;2.0972076
A;B;EL PRAT DE LLOBREGAT;BARCELONA;Calle Coronel Sanfeliu, 7-9;41.3252704;2.0945341
A;B;EL PRAT DE LLOBREGAT;BARCELONA;Avenida Pompeu Fabra, 12;41.3225088;2.0916189
A;B;EL PRAT DE LLOBREGAT;BARCELONA;Carretera Marina, 79;41.3236898;2.1027553
A;B;BARCELONA;BARCELONA;Calle Concepció Arenal, 257;41.4317615;2.1843159
A;B;BARCELONA;BARCELONA;Avenida de la República Argentina, 30-32;41.4086227;2.1472956
A;B;BARCELONA;BARCELONA;Calle Santaló, 13;41.3949147;2.1466274
A;B;ANDORRA;ANDORRA;Carrer de les Costes de Giberga;42.5456929;1.5225608
A;B;ESCALDES-ENGORDANY;ANDORRA;Avenida Carlemany, 68;42.5088353;1.5346179
A;B;ANDORRA LA VELLA;ANDORRA;Avenida Meritxel, 92;42.5080655;1.5303197
A;B;ENCAMP;ANDORRA;Avenida Joan Marti, 63;42.5328069;1.5773898
A;B;ANDORRA LA VELLA;ANDORRA;Calle Prat De La Creu, 56;42.506597;1.5227598
A;B;BARCELONA;BARCELONA;Carrer Nou de la Rambla, 157;41.3723214;2.1673958
A;B;BARCELONA;BARCELONA;Rambla de Pueblo Nuevo, 38;41.3977365;2.2015347
A;B;BARCELONA;BARCELONA;Calderón de la Barca, 66;41.4211455;2.1557239
A;B;BARCELONA;BARCELONA;Calle Conca de Tremp, 110;41.4198109;2.1575284
A;B;BARCELONA;BARCELONA;Calle Rocafort, 15;41.3757123;2.1577051
A;B;BARCELONA;BARCELONA;Carrer Vilamarí, 114-116;41.3804158;2.1476199
A;B;BARCELONA;BARCELONA;Calle Fluvià, 247;41.415906;2.1950152
A;B;BARCELONA;BARCELONA;Calle Pere Iv, 224;41.4043677;2.199164
A;B;BARCELONA;BARCELONA;Calle Espronceda, 107;41.4052717;2.2043305
A;B;BADALONA;BARCELONA;Carrer de Liszt, 28;41.4519868;2.2234664
A;B;HOSPITALET DE LLOBREGAT;BARCELONA;Carrer Riera Blanca, 54;41.3737594;2.1238598
A;B;BARCELONA;BARCELONA;Calle Sant Crist, 37;41.3745303;2.1386811
A;B;SANT BOI DE LLOBREGAT;BARCELONA;Calle Jaume Balmes, 4;41.3380958;2.0415942
A;B;CORNELLÀ DE LLOBREGAT;BARCELONA;Calle Joaquim Rubió I Ors, 290;41.3525806;2.0747118
A;B;BARCELONA;BARCELONA;Calle De La Foneria, 14;41.3596433;2.1371651
A;B;BARCELONA;BARCELONA;Calle Mare De Deu Del Remei, 30-32;41.3730646;2.157205
A;B;BARCELONA;BARCELONA;Calle Independencia, 261;41.4065417;2.184848
A;B;SANT CUGAT DEL VALLES;BARCELONA;Passeig del Nard, 132;41.4676225;2.0441759
A;B;SAN CUGAT DEL VALLÉS;BARCELONA;Avinguda Lluis Companys, 40;41.471377;2.0792107
A;C;LEJONA/LEIOA;BIZKAIA;Ctra. La Avanzada, s/n;43.3270686;-2.9899086
A;C;BILBAO;BIZKAIA;Gabriel Aresti, 36;43.2588309;-2.9054929
A;C;BASAURI;BIZKAIA;Bº Zabalandi, s/n;43.2290959;-2.8804158
A;C;GERNIKA;BIZKAIA;Bº Txaporta, s/n.;43.3058493;-2.678123
A;C;BARAKALDO;BIZKAIA;Bº Kareaga, s/n;43.2859079;-3.0055245
A;C;RIVABELLOSA-Rivera Baja;ALAVA;Polígono SUI 1;42.7121289;-2.9183738
A;C;LEJONA/LEIOA;BIZKAIA;Bº Peruri, s/n;43.3366037;-2.9882918
A;C;ABADIANO;BIZKAIA;Barrio Murueta, s/n;43.1690614;-2.618965
A;C;VITORIA-GASTEIZ;ALAVA;C. Comercial Boulevard C/ Zaramaga 1;42.86152;-2.66749
A;C;CASTRO URDIALES;CANTABRIA;Brazomar, s/n;43.3656297;-3.2159079
A;C;PORTUGALETE;BIZKAIA;Centro Comercial BALLONTI - Avenida Ballonti, 1;43.3116687;-3.0228882
A;C;ORDIZIA;GIPUZKOA;San Bartolome kalea, 7;43.0520025;-2.1788761
A;C;PAMPLONA;NAVARRA;Ctra. San Sebastián, Km. 1;42.834142;-1.6800172
A;C;TUDELA;NAVARRA;Ctra. Zaragoza, s/n;42.0316927;-1.5860163
A;C;AZKOITIA;GIPUZKOA;Polígono Basterretxe, s/n;43.1776439;-2.3109203
A;C;SAN SEBASTIAN;GIPUZKOA;Barrio de Alza, s/n;43.3152889;-1.9514657
A;C;ZARAUTZ;GIPUZKOA;Araba, 41;43.2816274;-2.1648207
A;C;CALAHORRA;LA RIOJA;Ctra. De Logroño, s/n;42.3143891;-1.984223
A;C;EIBAR;GIPUZKOA;Avda. Otaola, 5;43.1828816;-2.4797351
A;C;MALAGA;MALAGA;Centro Comercial Larios – Avda. de la Aurora, s/n;36.7146907;-4.4322004
A;C;TORRE DEL MAR;MALAGA;Centro Comercial EL INGENIO - Avda. Juan Carlos I, s/n;36.7558922;-4.1003431
A;D;ZARAGOZA;ZARAGOZA;C/ MARQUES DE LA CADENA, 44;41.6612581;-0.8636671
A;D;HUESCA;HUESCA;C/ RAMÓN Y CAJAL, 20;42.1393031;-0.4030691
A;D;ZARAGOZA;ZARAGOZA;C/ PANO Y RUATA, 15;41.6614068;-0.8741363
A;D;FRAGA;HUESCA;AVDA. ARAGÓN, 36;41.5218373;0.3412303
A;D;SARIÑENA;HUESCA;C/ FRAGA, 14;41.7923335;-0.155131
A;D;HUESCA;HUESCA;C/ MENENDEZ PIDAL, 30;42.1396889;-0.4186277
A;D;ZARAGOZA;ZARAGOZA;C/ JUAN CARLOS I, 6-8-10;41.6440772;-0.9103927
A;D;ZARAGOZA;ZARAGOZA;AVENIDA SANTA ISABEL ESQUINA CARRETERA DE MOVERA, S/N;41.6692472;-0.8383246
A;D;ZARAGOZA;ZARAGOZA;AVENIDA ILUSTRACIÓN, 111 ESQUINA TOMÁS LEZAUN - URBANIZACIÓN MONTE CANAL;41.62869;-0.9316717
A;D;ZARAGOZA;ZARAGOZA;C/ REINA FABIOLA, 28;41.6450126;-0.8755169
A;D;ZARAGOZA;ZARAGOZA;C/ EL COSO, 126;41.6508764;-0.8754514
A;D;ZARAGOZA;ZARAGOZA;C/DUQUESA DE VILLAHERMOSA 21, 23, 25, 27;41.6484292;-0.9010423
A;D;ALMAZAN;SORIA;CTRA NACIONAL 111- MADRID/PAMPLONA;42.812526;-1.6457745
A;D;ZARAGOZA;ZARAGOZA;Cº DE LAS TORRES, 109;41.537857;-0.8865834
A;D;ZARAGOZA;ZARAGOZA;C/ DOCE DE OCTUBRE, 10;41.6356071;-0.8785897
A;D;ZARAGOZA;ZARAGOZA;C/ DR. CERRADA, 14-16-18;41.647558;-0.8885634
A;D;ZARAGOZA;ZARAGOZA;C/LUIS PINILLA SOLIVERES 4-20.;41.6784917;-0.8706587
A;D;BURGO DE OSMA;SORIA;CTRA. DE LA RASA, S/N;41.5363895;-3.102088
A;D;CALAMOCHA;TERUEL;DESVIO 89, BAJOS;40.9242073;-1.2940252
A;D;PAMPLONA;NAVARRA;C / RAIMUNDO LANAS, 9-11;42.8264661;-1.6513427
A;D;BURLADA;NAVARRA;C / LA FUENTE, 12;42.826569;-1.618033
A;D;PAMPLONA;NAVARRA;C/ FELIPE GORRITI 29;42.8117243;-1.6356967
A;D;ANSOAIN;NAVARRA;C / AVDA. VILLABA, 19 Y 21;42.8337593;-1.6432837
A;D;PAMPLONA;NAVARRA;C/ TAFALLA,25;42.8110423;-1.6389383
A;D;PAMPLONA;NAVARRA;C/ ESQUIROZ 24;42.8055174;-1.6520092
A;D;ZIZUR MAYOR;NAVARRA;PARQUE ERRENIEGA 53-57;42.7853706;-1.6892033
A;D;BURLADA;NAVARRA;C/ MAYOR 20;42.8241747;-1.6179406
A;D;CHANTREA;NAVARRA;C/ CUENCA DE PAMPLONA 58;42.832173;-1.6337603
A;D;PAMPLONA;NAVARRA;C/ MERCADO 7;42.8190943;-1.6446682
A;D;MUTILVA;NAVARRA;C / PASEO SANTXIKI, 3;42.7981399;-1.61338
A;D;TAFALLA;NAVARRA;C / AVDA. PAMPLONA, S/N;42.5358801;-1.6702789
A;D;ZIZUR MAYOR;NAVARRA;PLAZA DE LA MUJER 16;42.7891963;-1.6994531
A;D;PAMPLONA;NAVARRA;C/ CAMINO OZCOZ URRIZA;42.9663794;-1.8318116
A;D;BURLADA;NAVARRA;POLIGONO MUGAZURI 11B;42.8297483;-1.6199999
A;D;ARTICA;NAVARRA;C/ MADRES DE LA PLAZA DE MAYO 40;42.8328791;-1.6638431
A;D;PAMPLONA;NAVARRA;C/ SAN CRISTOBAL 12;42.8259913;-1.6308377
A;D;PERALTA;NAVARRA;CTRA. MARCILLA. PARCELAS 392 Y 716, POL. 10;42.3352162;-1.7894656
A;D;PAMPLONA;NAVARRA;C / SERAFIN OLAVE, 29;42.8072828;-1.6528485
A;D;PAMPLONA;NAVARRA;C/ TAJONAR 3-5;42.8064169;-1.6353086
A;D;PAMPLONA;NAVARRA;C/ AVDA. ZARAGOZA 40-44;42.8042689;-1.6446214
A;D;ESTELLA;NAVARRA;C / MERKATONDOA, 7;42.6629704;-2.0307537
A;D;SAN ADRIAN;NAVARRA;C / LAS ERAS, 5;42.335722;-1.9367994
A;D;LOGROÑO;LA RIOJA;C / AVDA. GONZALO DE BERCEO, 24;42.4662476;-2.4575268
A;D;LOGROÑO;LA RIOJA;C / CHILE, 28;42.4609668;-2.4550515
A;D;ESTELLA;NAVARRA;C / SAN FRANCISCO JAVIER, 16;42.6712748;-2.0354309
A;D;SANTO DOMINGO DE LA CALZADA;LA RIOJA;C / MADRID, 10;42.4387902;-2.9543618
A;D;HARO;LA RIOJA;C / SANTO DOMINGO DE LA CALZADA, 32 A;42.5686254;-2.861067
A;D;ALFARO;LA RIOJA;C / HUERTAS, 4;42.1765447;-1.752568
A;D;TUDELA;NAVARRA;C / JUAN ANTONIO FERNÁNDEZ, 31;42.0594894;-1.6033213
A;D;LOGROÑO;LA RIOJA;C / MARQUÉS DE LA ENSENADA, 35-39;42.4608481;-2.4388472
A;D;ZARAGOZA;ZARAGOZA;C/ FLORIÁN REY, 1-3;41.64923;-0.861622
A;D;CALATAYUD;ZARAGOZA;C/ DR. FLEMING, 2;41.353519;-1.639509
A;D;ZARAGOZA;ZARAGOZA;AVDA MADRID, 135;41.6536225;-0.9032744
A;D;BORJA;ZARAGOZA;POLIGONO LA GORRONA S/N;41.8337231;-1.5341785
A;E;ESPEJO;CÓRDOBA;Calle Batalla Del Salado, 22;37.6799652;-4.5520394
A;E;EL BOSQUE;CÁDIZ;Calle La Rosa, 4;36.758311;-5.5047187
A;E;CÓRDOBA;CÓRDOBA;Calle Antonio Maura, 4;37.8822226;-4.7901199
A;E;BURGUILLOS;SEVILLA;Avenida Cruz De La Ermita, 100;37.5816905;-5.9668075
A;E;GIBRALTAR;GIBRALTAR;10/16 Sir Winston Churchill Avenue;36.140751;-5.353585
A;E;CALANDA;TERUEL;Calle Agustín Plana, 11;40.9391829;-0.2335724
A;E;CADRETE;ZARAGOZA;Calle Miguel Servet, 3;41.5572704;-0.9598732
A;E;EL BURGO DE EBRO;ZARAGOZA;Calle Ramón Pignatelli, 4;41.5725803;-0.7443655
A;E;MADRID;MADRID;Paseo De La Habana, 151;40.463511;-3.6803502
A;E;NAVAS DEL REY;MADRID;Calle de la Unión, 2;40.3848677;-4.2452317
A;E;MEDINA DEL CAMPO;VALLADOLID;Calle Ciudad Real, 1;41.3029576;-4.9171224
A;E;SEGORBE;CASTELLÓN/CASTELLÓ;Avenida España 119;39.8469666;-0.4898927
A;E;ALICANTE;ALICANTE/ALACANT;Avenida Santander, 25;38.372609;-0.4148064
A;E;JAÉN;JAÉN;Calle Ejido de la Alcantarilla, 30;37.7627466;-3.7892477
A;E;BERRIOZAR;NAVARRA;Plaza República Saharaui 15-16 Bajo;42.8381714;-1.667792
A;E;SORALUZE;GIPUZKOA;Calle Estación, 4;43.1748494;-2.4123579
A;E;LEITZA;NAVARRA;Calle Elbarren, 71;43.0813592;-1.914706
A;E;VITORIA;ARABA;Calle Naciones Unidas, 31;42.8476217;-2.7037801
B;F;MADRID;;Calle de Raimundo Fernández Villaverde, 65, 28003 Madrid;40.4466622;-3.6942858
B;F;MADRID;;Calle de Serrano, 47, 28001 Madrid;40.4300526;-3.6873209
B;F;MADRID;;Calle de Arapiles, 10, 28015 Madrid;40.433304;-3.707142
B;F;MADRID;;Plaza del Callao, 2, 28013 Madrid;40.4195161;-3.7049295
B;F;MADRID;;Calle de Goya, 87, 28001 Madrid;40.4249626;-3.6763212
B;F;MADRID;;Calle de Preciados, 3, 28013 Madrid;40.417669;-3.7048433
B;F;MADRID;;C. de la Princesa, 56, 28008 Madrid;40.4295985;-3.7148732
B;F;MADRID;;Calle de Amado Nervo, 8, 28007 Madrid;40.4097179;-3.6756977
B;F;SAN LORENZO DE EL ESCORIAL;MADRID;M-600, km 7, 200, 28200 San Lorenzo de El Escorial, Madrid,;40.6008362;-4.127443
B;F;TALAVERA DE LA REINA (TOLEDO);MADRID;Av. Toledo, 1, 45600 Talavera de la Reina, Toledo;39.9622212;-4.8260614
B;G;ALCALÁ DE HENARES (MADRID);MADRID;Av. Juan Carlos I, s/n, 28806 Alcalá de Henares, Madrid;40.4853013;-3.3877169
B;G;ALCORCÓN (MADRID);MADRID;Paseo de Extremadura, Km 12.200, 28925 Alcorcón, Madrid;40.3582452;-3.8167094
B;G;ARROYOMOLINOS (MADRID);MADRID;Ctra. de Extremadura, Km. 23, 28939 Arroyomolinos, Madrid;40.2989186;-3.9291201
B;G;GETAFE (MADRID);MADRID;Av. Comandante José Manuel Ripollés, 2, 28903 Getafe, Madrid;40.3296743;-3.7286105
B;G;GUADALAJARA;MADRID;Av. Eduardo Guitián, s/n, 19004 Guadalajara;40.6217353;-3.1629694
B;G;MADRID;MADRID;Av. de los Andes, 50, 28042 Madrid;40.4559815;-3.6170312
B;G;MADRID;MADRID;Calle Margarita de Parma, 1, 28050 Madrid;40.4975064;-3.6626631
B;G;MADRID;MADRID;Av. de la Plaza de Toros, 28025 Madrid;40.3859141;-3.7381408
B;G;POZUELO DE ALARCÓN (MADRID);MADRID;Ctra. de La Coruña, Km. 12, 28224 Pozuelo de Alarcón, Madrid;40.4629491;-3.8087172
B;H;BOADILLA DEL MONTE;MADRID;c/ Fco. Tomás y Valiente, s/n - Urb. Viñas Viejas;37.2641229;-5.9522707
B;H;COLLADO VILLALBA;MADRID;Ctra. A6, km 38 - Vía de servicio, 23;40.5744397;-3.9315644
B;H;GALAPAGAR;MADRID;c/ del Almendro - esq. c/ Murillo;40.5847128;-3.9697834
B;H;GUADARRAMA;MADRID;c/ Río Duero - esq. Los Escoriales, 5;41.50561058;-5.492254832
B;H;LAS MATAS;MADRID;c/ Chile, 8 - Urb. Punta Galea - Ed. Euromadrid;40.544442;-4.2030991
B;H;MADRID;MADRID;Avda. Bruselas, 65;40.4406506;-3.6631644
B;H;MADRID;MADRID;c/ Augusto Figueroa, 24;40.4218829;-3.6975885
B;H;MADRID;MADRID;c/ Silvano, 77 - C.C. Palacio de Hielo;40.4631976;-3.6373448
B;H;MADRID;MADRID;Paseo Imperial, 31;40.4076436;-3.7168564
B;H;MADRID;MADRID;c/ Virgen del Sagrario, 6;40.4341589;-3.6471946
B;H;MADRID;MADRID;Avenida Manuel Fraga Iribarne, 62;40.4902036;-3.6081411
B;H;MAJADAHONDA;MADRID;c/ Sorolla esq. c/ Sarasate;40.4509126;-3.8578857
B;H;MAJADAHONDA;MADRID;c/Príncipe de Asturias - C.C. Monte del Pilar;43.2504393;-5.9832577
B;H;MAJADAHONDA;MADRID;Avda. Reyes Católicos, 8;40.4383139;-3.7210829
B;H;PINTO;MADRID;c/ de la Exacta;40.2458142;-3.6949125
B;H;POZUELO DE ALARCÓN;MADRID;c/ Benito Quemada, 16;40.4555913;-3.7980049
B;H;TOLEDO;MADRID;Avda. Europa, 8 - esq. Avda. Portugal;39.399872;-8.224454
B;I;ALCOBENDAS;MADRID;Calle de la Begonia, 121 (Soto de la Moraleja);40.5215763;-3.6445625
B;I;ARAVACA;MADRID;Avenida del Talgo, 232;40.4474389;-3.7847195
B;I;ARAVACA;MADRID;Avda. Valdemarín, 163-169 (Urb. Berenice loc. 3 y 3 bis);40.4673585;-3.7935761
B;I;COLLADO VILLALBA;MADRID;Calle Anacleto López, 35;40.6458463;-3.9942158
B;I;COLMENAR VIEJO;MADRID;C/ Corazón de María, 3 (Ed. A Residencial El Parque);40.4409497;-3.6711743
B;I;MADRID;MADRID;Calle Alcalá, 494;40.4400118;-3.6290887
B;I;MADRID;MADRID;C/ Barquillo 15;40.4215576;-3.695851
B;I;MADRID;MADRID;Calle Condesa de Venadito, 5;40.4447235;-3.654165
B;I;MADRID;MADRID;C/ Nuñez de Balboa,104;40.4352425;-3.6816987
B;I;MADRID;MADRID;Calle de Doctor Fleming, 56;41.8673131;2.2843174
B;I;MADRID;MADRID;C/ Caceres , 45 C/V Fernando Poo;40.3988223;-3.6994078
B;I;MADRID;MADRID;Calle Padre Damián, 19;37.3733471;-5.9997177
B;I;MADRID;MADRID;Calle Sierra de Atapuerca, 21;40.5037396;-3.6702228
B;I;MADRID;MADRID;C/ María de Maeztu, 116;40.4950435;-3.7230419
B;I;MADRID;MADRID;C/ Marques de Lozoya, 43;40.207451;-3.5859632
B;I;MADRID;MADRID;C/ Marqués de Mondejar 3;37.1682924;-3.6003104
B;I;MADRID;MADRID;Calle Cerro Minguete, 16;40.4869821;-3.7194444
B;I;MADRID;MADRID;Avenida de Monforte de Lemos, 195;40.475758;-3.7201265
B;I;MADRID;MADRID;Avenida Monasterio de El Escorial, 41;40.504371;-3.7001106
B;I;MADRID;MADRID;Calle O'Donnell, 18;40.4213356;-3.677013
B;I;MADRID;MADRID;C/ Ponzano, 53;40.4409472;-3.699293
B;I;MADRID;MADRID;C/ Nuñez de Balboa,24;40.4242082;-3.682603
B;I;MADRID;MADRID;Calle Vallehermoso, 4;40.4304555;-3.7088194
B;I;POZUELO DE ALARCÓN;MADRID;Avda. Europa 27;36.703048;-4.4430839
B;I;POZUELO DE ALARCÓN;MADRID;Avenida de la Comunidad de Madrid, 3;40.4389243;-3.8828394
B;I;POZUELO DE ALARCÓN;MADRID;Avenida de la Carrera, 2;40.40502;-3.78465
B;I;RIVAS VACIAMADRID;MADRID;Calle Dalia, 1;37.3991914;-5.9969501
B;I;S. SEBASTIÁN DE LOS REYES;MADRID;Avenida de la Dehesa, 6;40.3032256;-4.004231
B;I;TORRELODONES;MADRID;Calle Camino de Valladolid, 19;40.5759029;-3.9309667
B;I;TRES CANTOS;MADRID;Plaza de las Once Colmenas, 1;40.6016049;-3.7145142
B;I;VILLANUEVA DE LA CAÑADA;MADRID;Calle Real, 2;43.3705405;-8.3992667
B;I;VILLAVICIOSA DE ODÓN;MADRID;Avenida Príncipe de Asturias, 169;40.3582786;-3.9069569
B;J;ARAVACA;MADRID;Calle Blanca de Castilla, 1 La Zarzuela;40.4648004;-3.7841761
B;J;LAS ROZAS;MADRID;Calle Chiapas, 2;40.484009;-3.8679666
B;J;MADRID;MADRID;Calle Clara del Rey, 53;40.4448106;-3.6685995
B;J;MADRID;MADRID;Calle Bahía de Gando, 1;40.4653935;-3.592897
B;J;MADRID;MADRID;Calle Narvaez, 86;40.4159562;-3.6766876
B;K;ALCOBENDAS;MADRID;Avda. de Europa 13-15;40.5178744;-3.6591108
B;K;MADRID;MADRID;Paseo de la Castellana 196-Esq. Carlos Maurrás 2;40.4533356;-3.689517
B;K;MADRID;MADRID;c/ Castelló 23-25;40.4306256;-3.6810668
B;K;MADRID;MADRID;c/ Arturo Soria 126;40.458032;-3.6583671
B;K;MADRID;MADRID;c/ Corazón de María 62;40.4443544;-3.6672628
B;K;MADRID;MADRID;c/ Nuria 59;40.4930304;-3.7073714
B;K;MADRID;MADRID;c/ Cantalejo 9;40.4745258;-3.7385063
B;K;MAJADAHONDA;MADRID;Ctra. Pozuelo a Majadahonda 34;40.4570887;-3.861545
B;K;MAJADAHONDA;MADRID;c/ Carretera de Boadilla del Monte (M516) 112;40.4566821;-3.8765716
B;K;POZUELO DE ALARCÓN;MADRID;Avda. de Europa 26;36.7004959;-4.4513183
B;L;MADRID;MADRID;C. de la Resina 54, Villaverde 28021 Madrid;40.3368164;-3.7094901
B;F;LAS PALMAS DE GRAN CANARIA;CANARIAS;Av. José Mesa y López, 18, S1, 35007 Las Palmas de Gran Canaria, Las Palmas;28.1351412;-15.4317943
B;F;TENERIFE;CANARIAS;Av. Tres de Mayo, 7, 38003 Santa Cruz de Tenerife;28.4590834;-16.2543289
B;G;LAS PALMAS DE GRAN CANARIA;CANARIAS;Av Pintor Felo Monzón, S/N, 35019 Las Palmas de Gran Canaria, Las Palmas;28.1024396;-15.4532376
B;H;LAS PALMAS DE GRAN CANARIA;CANARIAS;c/ Fernando Guanarteme, 151 - Ed. Dunas Canteras;28.1323619;-15.4405325
B;H;CANDELARIA (TENERIFE);CANARIAS;Rambla de los Menceyes, s/n - esq. c/ Princesa Arminda;28.3690506;-16.3655222
B;H;LA LAGUNA (TENERIFE;CANARIAS;Camino de San Lázaro, 5-9 - C.C. Los Venezolanos;28.4891436;-16.3319532
B;I;PUERTO DE LA CRUZ (TENERIFE);CANARIAS;Calle de la Marina, 8;41.38296;2.19535
B;I;SANTA CRUZ DE TENERIFE;CANARIAS;C/ Bulevar Chajofe,10 Edificio Meseguer, Los Cristianos;28.0541331;-16.7143312
B;J;SANTA CRUZ DE TENERIFE;CANARIAS;Calle de Méndez Núñez, 24;28.4697917;-16.2541909
B;J;SANTA CRUZ DE TENERIFE;CANARIAS;Calle de Carlos J.R. Hamilton, 14;28.4798012;-16.2446987
B;F;BARCELONA;CATALUÑA/BALEARES;Passeig d'Andreu Nin, 51, 08016 Barcelona;41.4361473;2.1813997
B;F;BARCELONA;CATALUÑA/BALEARES;Avinguda Diagonal, 617, 08028 Barcelona;41.3873281;2.1276958
B;F;BARCELONA;CATALUÑA/BALEARES;Buenos Aires 33-35, 08036 Barcelona;41.3899238;2.1511635
B;F;BARCELONA;CATALUÑA/BALEARES;Plaça de Catalunya, 14, S1, 08002 Barcelona;41.3879159;2.1711725
B;F;GERONA;CATALUÑA/BALEARES;Carrer Barcelona, 106, 110, 17003 Girona;41.9709068;2.814222
B;F;PALMA DE MALLORCA;CATALUÑA/BALEARES;Av. de Jaume III, 15, 07012 Palma, Illes Balears;39.5721152;2.6437826
B;F;PALMA DE MALLORCA;CATALUÑA/BALEARES;Avinguda d'Alexandre Rosselló, 12-16, 07002 Palma, Illes Balears;39.5736389;2.6566226
B;F;SABADELL (BARCELONA);CATALUÑA/BALEARES;Av. de Francesc Macià, 58, 08208 Sabadell, Barcelona;41.5547238;2.0984724
B;F;TARRAGONA;CATALUÑA/BALEARES;Rambla President Lluís Companys, 7, 43005 Tarragona;41.1216663;1.2423326
B;G;BARCELONA;CATALUÑA/BALEARES;Avinguda Meridiana, 350, 358, 08027 Barcelona;41.4277236;2.1853653
B;G;CORNELLA (BARCELONA);CATALUÑA/BALEARES;Carrer de Salvador Dalí, 15-19, 08940 Cornellà de Llobregat, Barcelona;41.3544491;2.0882788
B;H;PALMA DE MALLORCA;CATALUÑA/BALEARES;Camí de la Vileta, 39 - esq. c/ de Murcia;39.5884763;2.6248975
B;J;BARCELONA;CATALUÑA/BALEARES;Carrer de Balmes, 418;41.4069328;2.138848
B;J;BARCELONA;CATALUÑA/BALEARES;Carrer d´Aragó, 308;41.394174;2.1686258
B;J;BARCELONA;CATALUÑA/BALEARES;Carrer del Capità Arenas, 25;41.3910101;2.1256118
B;J;BARCELONA;CATALUÑA/BALEARES;Carrer Gran de Gràcia, 33;41.398684;2.1565166
B;J;BARCELONA;CATALUÑA/BALEARES;Carrer de la Marina, 304;41.4057002;2.1732235
B;J;BARCELONA;CATALUÑA/BALEARES;Carrer de París, 152;41.3917713;2.1511321
B;J;BARCELONA;CATALUÑA/BALEARES;Paseo de Maragall, 354;41.4278833;2.1653944
B;J;SANT CUGAT (BARCELONA);CATALUÑA/BALEARES;Carrer Josep Puig i Cadafalch, 30;41.4716832;2.0909652
B;J;TARRASA (BARCELONA);CATALUÑA/BALEARES;Passeig del Vint-i-dos de Juliol, 401;41.5702976;2.014817
B;J;IBIZA;CATALUÑA/BALEARES;Calle Ignacio Wallis 31;38.9110594;1.4305963
B;J;PALMA DE MALLORCA;CATALUÑA/BALEARES;Calle Ramon y Cajal, 17;40.3296104;-3.7388471
B;F;ALBACETE;LEVANTE;Av. de España, 30, 02002 Albacete;38.9827445;-1.8542399
B;F;ALICANTE;LEVANTE;Av. Maisonnave, 53, 03003 Alicante;38.3430346;-0.4934513
B;F;ALICANTE;LEVANTE;Av. Federico Soto, 1, 3, 03003 Alicante;38.3438183;-0.4898369
B;F;CARTAGENA(MURCIA);LEVANTE;Alameda de San Antón, 52, 30205 Cartagena, Murcia;37.6140335;-0.9938684
B;F;CASTELLÓN DE LA PLANA;LEVANTE;P.º de, Passeig de Morella, 1, 12006 Castellón de la Plana, Castellón;39.9878013;-0.0479689
B;F;MURCIA;LEVANTE;Av. de la Libertad, 1, Planta baja, 30009 Murcia;37.9902272;-1.134361
B;F;VALENCIA;LEVANTE;C/ del Pintor Maella, 37, 46023 València, Valencia;39.4570991;-0.3471239
B;F;VALENCIA;LEVANTE;Carrer de Colón, 27, 46002 València, Valencia;39.469512;-0.3723343
B;F;VALENCIA;LEVANTE;Carrer de Menéndez Pidal, 15, 46009 València, Valencia;39.4275287;-0.4634056
B;F;VALENCIA;LEVANTE;C. del Pintor Sorolla, 26, 46002 València, Valencia;39.4708088;-0.3714517
B;G;ELCHE (ALICANTE);LEVANTE;Avenida Baix Vinalopó, 2, 03296 Elche, Alicante;38.2455922;-0.7580342
B;G;VALENCIA;LEVANTE;Av. Pío XII, 51, Centro Comercial, 46015 Ademuz, Valencia;39.484939;-0.397468
B;H;ALICANTE;LEVANTE;Avda. Goleta, 5-7 - Residencial Cabo Mayor;38.3627605;-0.428303
B;H;ALICANTE;LEVANTE;Avda. del Padre Ángel Escapa - esq. Avda. Caja de Ahorros;38.3457685;-0.4909444
B;H;LA MANGA DEL M.M. - S. JAVIER (MURCIA);LEVANTE;c/ Puerto Tomás Maestre, 1 - C.C. Plaza del Mar;37.7428607;-0.7402882
B;H;MOLINA DE SEGURA (MURCIA);LEVANTE;Ronda del Norte - Sur, s/n - Urb. La Alcayna;38.089082;-1.1611979
B;H;PORT DE SAGUNT (VALENCIA);LEVANTE;c/ Churruca, 30;38.3417222;-0.4928985
B;H;VALENCIA;LEVANTE;Avda. Alfahuir, 19;39.4898093;-0.3660396
B;I;ALICANTE;LEVANTE;C/ Díaz Moreu, 4;38.3479275;-0.484469
B;J;BENIDORM (ALICANTE);LEVANTE;Avenida de Alcoy, 12;38.5360299;-0.1236216
B;J;TEUDALA (ALICANTE);LEVANTE;Carretera Moraira a Calpe, 1;38.6866298;0.1281123
B;J;GODELLA (VALENCIA);LEVANTE;c/ Ermita Nova, 8, c/v C/ Buganvillas;39.5282016;-0.4264161
B;J;LA ELIANA (VALENCIA);LEVANTE;Avenida de les Corts Valencianes, 2;39.4864507;-0.3957247
B;J;VALENCIA;LEVANTE;Avenida del Professor López Piñero, 4;39.4569735;-0.3574795
B;F;GIJÓN (ASTURIAS);GALICIA/ASTURIAS;Calle Ramón Areces, 2, 33211 Gijón, Asturias;43.5240391;-5.6789936
B;F;LA CORUÑA;GALICIA/ASTURIAS;Rúa Ramón y Cajal, 57 - 79, S1, 15006 A Coruña, La Coruña;43.354281;-8.402318
B;F;OVIEDO (ASTURIAS);GALICIA/ASTURIAS;Calle Uria, 15, 33003 Oviedo, Asturias;43.364372;-5.8521395
B;F;VIGO (PONTEVEDRA);GALICIA/ASTURIAS;Av. da Gran Vía, 25-27, 36204 Vigo, PO;42.231906;-8.7169753
B;G;AVILES (ASTURIAS);GALICIA/ASTURIAS;Ctra. de Grado, s/n, 33402 Avilés, Asturias;43.5470012;-5.91141
B;G;OVIEDO (ASTURIAS);GALICIA/ASTURIAS;Calle del Gral. Elorza, 75, 33002 Oviedo, Asturias;43.3673666;-5.8503032
B;G;SANTIAGO DE COMPOSTELA (LA CORUÑA);GALICIA/ASTURIAS;Rúa do Restollal, 15702 Santiago de Compostela, A Coruña;42.8640745;-8.5428712
B;H;FERROL (LA CORUÑA);GALICIA/ASTURIAS;c/ Dolores, 56;43.4831825;-8.2362349
B;H;MILLADOIRO-AMES (LA CORUÑA);GALICIA/ASTURIAS;Rua Agro do Medio - esq. Rua da Cruxa;42.8459183;-8.578227
B;H;OLEIROS (LA CORUÑA);GALICIA/ASTURIAS;Avda. Las Mariñas, Ctra N-VI , km 585 - C.C. Parque Oleiros;43.3327059;-8.3157003
B;H;AVILÉS (ASTURIAS);GALICIA/ASTURIAS;Avda. Fernández Balsera, 17;43.5560371;-5.9261638
B;H;GIJÓN (ASTURIAS);GALICIA/ASTURIAS;Pza. Europa, 5 - esq. Donato Argüelles;43.5388936;-5.6646728
B;H;GIJÓN (ASTURIAS);GALICIA/ASTURIAS;c/ Uría, 31-33;43.5396198;-5.6550588
B;H;GIJÓN (ASTURIAS);GALICIA/ASTURIAS;c/ Anselmo Solar, 46 - esq. c/ Quevedo;43.5310152;-5.6475005
B;H;LUANCO-GOZÓN (ASTURIAS);GALICIA/ASTURIAS;c/ Isla del Carmen - esq. c/ La Teya;43.6131862;-5.7957356
B;H;OVIEDO (ASTURIAS);GALICIA/ASTURIAS;c/ Avilés, 2-4;43.3668401;-5.8671154
B;H;PONTEVEDRA;GALICIA/ASTURIAS;c/ Doctor Loureiro Crespo, 10 - esq. Antón Fraguas;42.4287344;-8.6361321
B;H;PORTONOVO - SANXENXO (PONTEVEDRA);GALICIA/ASTURIAS;Carretera de la Lanzada - esq. Ctra. de Adina;42.3951486;-8.8291594
B;J;GIJÓN (ASTURIAS);GALICIA/ASTURIAS;Calle Munuza, 2;43.5426413;-5.6620044
B;F;LEÓN;CASTILLA Y LEON/CANTABRIA;Calle Fray Luis de León, 29, 24005 León;42.590695;-5.5691118
B;F;SALAMANCA;CASTILLA Y LEON/CANTABRIA;Calle María Auxiliadora, 71-85, 37004 Salamanca;40.9737426;-5.6574623
B;F;VALLADOLID;CASTILLA Y LEON/CANTABRIA;Paseo de Zorrilla, 132, 47006 Valladolid;41.6367822;-4.7395362
B;G;BURGOS;CASTILLA Y LEON/CANTABRIA;Carretera Madrid-Irún, km 236, 09001 Burgos;42.3185041;-3.7036078
B;G;SANTANDER;CASTILLA Y LEON/CANTABRIA;Nueva Montaña, s/n, 39011 Santander, Cantabria;43.4428796;-3.8388889
B;G;VALLADOLID;CASTILLA Y LEON/CANTABRIA;Av. de Salamanca, 21, 47014 Arroyo de la Encomienda, Valladolid;41.6225962;-4.7693204
B;H;LEÓN;CASTILLA Y LEON/CANTABRIA;c/ Colón, 7;39.4677668;-0.3742837
B;H;LEÓN;CASTILLA Y LEON/CANTABRIA;c/ País Leonés, 12 - C.C. Espacio León;42.6124581;-5.5959509
B;F;BILBAO;ARAGÓN/NAVARRA/PAÍS VASCO;Calle, Gran Vía de Don Diego López de Haro, 7, 9, 48001 Bilbao;43.2612535;-2.9291421
B;F;PAMPLONA;ARAGÓN/NAVARRA/PAÍS VASCO;Calle Estella, 9, 31002 Pamplona, Navarra;42.8137674;-1.6452657
B;F;VITORIA (ÁLAVA);ARAGÓN/NAVARRA/PAÍS VASCO;Bake kalea, 2, 01004 Gasteiz, Araba;42.8446796;-2.6678633
B;F;ZARAGOZA;ARAGÓN/NAVARRA/PAÍS VASCO;Paseo de la Independencia, 11, 50001 Zaragoza;41.6508826;-0.8815742
B;F;ZARAGOZA;ARAGÓN/NAVARRA/PAÍS VASCO;Paseo de Sagasta, 3, 50008 Zaragoza;41.6453333;-0.8849442
B;G;PAMPLONA;ARAGÓN/NAVARRA/PAÍS VASCO;Calle Intxaurdia, 5, 31620 Pamplona, Navarra;42.8288092;-1.5835447
B;G;ZARAGOZA;ARAGÓN/NAVARRA/PAÍS VASCO;Calle de María Zambrano, 35, 50018 Zaragoza;41.6706878;-0.8918132
B;G;ZARAGOZA;ARAGÓN/NAVARRA/PAÍS VASCO;Av. Isla de Murano, 15, 50021 Zaragoza;41.609204;-0.8858011
B;H;LOGROÑO;ARAGÓN/NAVARRA/PAÍS VASCO;C/ Estambrera,19;42.4560696;-2.4341488
B;H;BARAKALDO (VIZCAYA);ARAGÓN/NAVARRA/PAÍS VASCO;Herriko Plaza, 14;43.2969446;-2.9854932
B;H;ZARAGOZA;ARAGÓN/NAVARRA/PAÍS VASCO;C/ Kentya - esq. C/ Hayedo y Avda. Gómez Laguna, 80;41.6402856;-0.9179873
B;H;ZARAGOZA;ARAGÓN/NAVARRA/PAÍS VASCO;Ronda Ibón de Plan, 74;41.6610376;-0.9377975
B;J;BILBAO;ARAGÓN/NAVARRA/PAÍS VASCO;Calle Alameda de Recalde, 27;43.2642992;-2.9339444
B;J;DONOSTIA (SAN SEBASTIÁN);ARAGÓN/NAVARRA/PAÍS VASCO;Avda. Zurriola Hirribedea, 12;43.3241647;-1.9776536
B;J;VITORIA (ÁLAVA);ARAGÓN/NAVARRA/PAÍS VASCO;C/ Foru Kalea, 22;42.8431106;-2.670241
B;J;GETXO (VIZCAYA);ARAGÓN/NAVARRA/PAÍS VASCO;C/ Esduardo Coste,1;43.3236262;-3.0149637
B;J;ZARAGOZA;ARAGÓN/NAVARRA/PAÍS VASCO;Calle Juan Pablo II, 34;28.4683846;-16.2592428
B;F;GRANADA;ANDALUCÍA ORIENTAL;Carrera de la Virgen, 20, 22, 18005 Granada;37.1704952;-3.5977135
B;F;JAEN;ANDALUCÍA ORIENTAL;Av. de Madrid, 31, SO, 23008 Jaén;37.7758793;-3.7862168
B;F;MALAGA;ANDALUCÍA ORIENTAL;Av. de Andalucía, 4, 6, 29007 Málaga;36.7181154;-4.4353471
B;F;MARBELLA (MÁLAGA);ANDALUCÍA ORIENTAL;Av. Bulevar Príncipe Alfonso de Hohenlohe, 2, s1, 29602 Marbella, Málaga;36.507653;-4.9159871
B;F;MARBELLA (MÁLAGA);ANDALUCÍA ORIENTAL;Calle Ramón Areces, s/n, 29660 Marbella, Málaga;36.4903846;-4.9520721
B;F;SOTOGRANDE (CÁDIZ);ANDALUCÍA ORIENTAL;Urb. Sotogrande, N-340, km. 132, 11310 Sotogrande, Cádiz;36.290832;-5.302252
B;G;ALGECIRAS (CÁDIZ);ANDALUCÍA ORIENTAL;Paseo Juan Pérez Arriete, s/n, 11204 Algeciras, Cádiz;36.1397927;-5.4481145
B;G;EL EJIDO (ALMERÍA);ANDALUCÍA ORIENTAL;Paseo Pedro Ponce, s/n, 04700 El Ejido, Almería;36.7729734;-2.8059267
B;G;GRANADA;ANDALUCÍA ORIENTAL;Calle Arabial, 97, 18003 Granada;37.1763294;-3.6110209
B;G;MÁLAGA;ANDALUCÍA ORIENTAL;Calle Hamlet, 2, 29006 Málaga;36.7090204;-4.4616315
B;G;MIJAS (MÁLAGA);ANDALUCÍA ORIENTAL;Calle Sta. Laura, 29651 Las Lagunas de Mijas, Málaga;36.5472188;-4.6321047
B;H;BENALMÁDENA COSTA (MÁLAGA);ANDALUCÍA ORIENTAL;Avda. del Sol, 14 - Urb. Torrequebrada;36.5822645;-4.5382277
B;H;ESTEPONA (MÁLAGA);ANDALUCÍA ORIENTAL;Avenida Puerta del Mar 45 Residencial Montemayor, 29680;36.4230706;-5.1569017
B;H;FUENGIROLA (MÁLAGA);ANDALUCÍA ORIENTAL;Av. Jesús Santos Rein, 57;36.5546636;-4.6149084
B;H;MÁLAGA;ANDALUCÍA ORIENTAL;Avda. de las Caballerizas - esq. c/ de los Zahones;36.729604;-4.397415
B;H;MARBELLA (MÁLAGA);ANDALUCÍA ORIENTAL;c/ Camilo José Cela, s/n - C.C. Plaza del Mar;36.5082514;-4.8964084
B;J;BENAHAVIS (MÁLAGA);ANDALUCÍA ORIENTAL;Ctra.Ronda - Malaga A-397 Km. 45 Urb.Montehalcones, s n;36.5110504;-5.0064361
B;J;BENALMÁDENA (MÁLAGA);ANDALUCÍA ORIENTAL;Centro Comercial Puerto Marina Shopping;36.5972176;-4.5146809
B;J;EL PARAISO (MÁLAGA);ANDALUCÍA ORIENTAL;Urb. El Pilar, parcela G-2 y G-1, N 340, Km 167,5;41.3714221;1.8046982
B;J;ESTEPONA (MÁLAGA);ANDALUCÍA ORIENTAL;Pto. Deportivo Avda. España s/n;40.463667;-3.74922
B;J;MARBELLA (MÁLAGA);ANDALUCÍA ORIENTAL;Centro Comercial Aloha, Calle Via 1, Urb. Nueva Andalucia;36.499801;-4.9614619
B;J;MARBELLA (MÁLAGA);ANDALUCÍA ORIENTAL;Centro Comercial Andasol, km 187 Nac.340;37.2215396;-3.0659245
B;J;MARBELLA (MÁLAGA);ANDALUCÍA ORIENTAL;Urbanización Hacienda las Chapas, 26;36.4957735;-4.759458
B;J;MARBELLA (MÁLAGA);ANDALUCÍA ORIENTAL;Avenida Ramón y Cajal, 12 urb. Marbell Center;36.5078152;-4.883268
B;J;MARBELLA (MÁLAGA);ANDALUCÍA ORIENTAL;Centro Comercial Odeon. Nueva Andalucia;36.4923752;-4.9516096
B;J;MARBELLA (MÁLAGA);ANDALUCÍA ORIENTAL;Coto de los Dolores, s/n Urb.Pinogolf (Elviria);36.5319637;-4.7657984
B;J;MARBELLA (MÁLAGA);ANDALUCÍA ORIENTAL;Avda. Playas del Duque, s/n;36.4877526;-4.9587431
B;J;MARBELLA (MÁLAGA);ANDALUCÍA ORIENTAL;Urb.Rio Verde Centro Comercial Puerta de Banus;36.4899372;-4.9615816
B;J;MIJAS COSTA (MÁLAGA);ANDALUCÍA ORIENTAL;Urbanización Riviera del Sol, 26;36.5075511;-4.7141068
B;F;BADAJOZ;ANDALUCÍA OCCIDENTAL/BADAJOZ;Plaza Conquistadores, s/n, 06005 Badajoz;38.8732668;-6.9753039
B;F;BADAJOZ;ANDALUCÍA OCCIDENTAL/BADAJOZ;Av. Juan Carlos I Rey de España, 2, 06002 Badajoz;38.8773921;-6.9717541
B;F;CORDOBA;ANDALUCÍA OCCIDENTAL/BADAJOZ;Av. Ronda de los Tejares, 30, 14008 Córdoba;37.8876172;-4.782467
B;F;SEVILLA;ANDALUCÍA OCCIDENTAL/BADAJOZ;Calle Luis Montoto, 122, 128, 41005 Sevilla;37.3866987;-5.9716075
B;F;SEVILLA;ANDALUCÍA OCCIDENTAL/BADAJOZ;Pl. del Duque de la Victoria, 8, S1, 41002 Sevilla;37.3932522;-5.996363
B;F;SEVILLA;ANDALUCÍA OCCIDENTAL/BADAJOZ;C. San Pablo, 1, 41001 Sevilla;37.39028;-5.9970799
B;G;CÁDIZ;ANDALUCÍA OCCIDENTAL/BADAJOZ;Av. las Cortes de Cádiz, 1, 11012 Cádiz;36.5215213;-6.2772638
B;G;CORDOBA;ANDALUCÍA OCCIDENTAL/BADAJOZ;Ctra Sta. Mª de Trassiera, s/n, 14011 Córdoba;37.9011606;-4.8761772
B;G;HUELVA;ANDALUCÍA OCCIDENTAL/BADAJOZ;Av. Alcalde Federico Molina Orta, 1, 21003 Huelva;37.2561278;-6.9426129
B;G;JEREZ DE LA FRONTERA (CÁDIZ);ANDALUCÍA OCCIDENTAL/BADAJOZ; Av. Andalucía, 34, 11407 Jerez de la Frontera, Cádiz;36.70418;-6.1159244
B;G;SEVILLA;ANDALUCÍA OCCIDENTAL/BADAJOZ;Av. de las Erillas, s/n, 41920 San Juan de Aznalfarache, Sevilla;37.3728593;-6.0297078
B;G;SEVILLA;ANDALUCÍA OCCIDENTAL/BADAJOZ;Carretera Sevilla Málaga, Km 1, 41020 Sevilla;37.3276905;-5.8108906
B;H;CÁCERES;ANDALUCÍA OCCIDENTAL/BADAJOZ;Avda. Ruta de la plata, 46 - C.C. El Farallón;39.4678565;-6.3893297
B;J;CÓRDOBA;ANDALUCÍA OCCIDENTAL/BADAJOZ;Calle Poeta Manuel Altolaguirre, 3;37.8998795;-4.798036
B;J;SEVILLA;ANDALUCÍA OCCIDENTAL/BADAJOZ;Plaza Gran Plaza, 2 (Conjunto Residencial Lionel Carvallo);37.3812159;-5.9665925
B;J;TOMARES (SEVILLA);ANDALUCÍA OCCIDENTAL/BADAJOZ;Avenida del Aljarafe, s/n (Edificio Ramcab Tomares);37.372695;-6.0467843
C;M;LA MAQUINISTA;;Paseo Potosí, 2 08030 BARCELONA;41.4401992;2.1985226
C;M;LAS GLORIAS;;Llacuna, 155 (C.C. Las Glorias) 08018 BARCELONA;41.4059053;2.1915482
C;M;CABRERA;;Ctra. Nacional II, km. 644 08349 CABRERA DE MAR (Barcelona);41.5199093;2.4217977
C;M;BADALONA;;Avda. Comunidad Europea, s/n 08917 BADALONA (Barcelona);41.4583038;2.2279371
C;M;TARRAGONA;;Autovía de Reus, Km.4 43080 TARRAGONA;41.1282598;1.2062902
C;M;LAS PALMAS;;Av. Jose Sanchez Peñate, s/n (C.C. Las Arenas) 35010 LAS PALMAS DE GRAN CANARIA;28.128516;-15.449365
C;M;ACTUR;ZARAGOZA;C/ María Zambrano, 71 s/n. Polígono Actur 50018 ZARAGOZA;41.676155;-0.8902904
C;M;CAMPANAR;;Avenída Manuel de Falla, 13 46015 CAMPANAR (Valencia);39.4766387;-0.4057811
C;M;PRAT;;Autovía de Castelldefels, Km.5 08820 PRAT DE LLOBREGAT (Barcelona);41.3049254;2.0608255
C;M;SESTAO;;C/ Gabriel Celaya , 14 48910 SESTAO (Vizcaya);43.30099;-3.0026
C;M;EL SALER;;Autovía El Saler, 16 46013 VALENCIA;39.3826983;-0.3322681
C;M;MANRESA;;Calle Alvar Aaltó, s/n 08240 MANRESA (Barcelona);41.7216529;1.8442347
C;M;ELCHE;;Av. de Crevillente, 31 03293 ELCHE (Alicante);38.258233;-0.7302795
C;M;ZARAICHE;;Avda. Miguel de Cervantes, 106 30009 MURCIA;38.001065;-1.142199
C;M;VECINDARIO;;Avda. del Atlántico, 359 - PA 52 (C.C. Atlantico) 35110 VECINDARIO - STA. LUCIA (GRAN CANARIA);27.8433524;-15.4392533
C;M;MARTORELL;;Crta. N-II, Km. 588 08760 MARTORELL ( BARCELONA );41.6584556;1.1736213
C;M;AUGUSTA;;"""Avenída Navarra, 180 """"C. Cial. AUGUSTA"""" 50011 ZARAGOZA""";41.6596533;-0.9215237
C;M;GRAN TURIA;;Plaza Europa, 1 (Barrio de la Luz) 46014 XIRIVELLA (VALENCIA);39.4682425;-0.4131072
C;M;MOSTOLES;;Carretera N-V, km. 19 (El Soto) 28935 MOSTOLES (Madrid);40.3313629;-3.8862836
C;M;NASSICA;;Avda. Rio Guadalquivir, 13 28906 GETAFE ( Madrid );40.2721671;-3.6973374
C;M;GRANADA;;Carretera de Armilla, s/n 18006 GRANADA;37.1286592;-3.622544
C;M;ALCOBENDAS;;Carretera N-I, km. 14,500 28108 ALCOBENDAS (Madrid);40.8612791;-3.6133872
C;M;FUENLABRADA;;Plaza de Grecia, s/ 28943 FUENLABRADA ( Madrid );40.2815457;-3.805196
C;M;LOGROÑO;;C/ Río Lomo S/N 26005 LOGROÑO;42.4619998;-2.4187089
C;M;PALMA;;Avda. General Riera, 152 07010 PALMA DE MALLORCA;39.5944019;2.6446747
C;M;GAVÁ;;Carrer Progrés, 69 08850 GAVÁ (Barcelona);41.2957208;2.0074256
C;M;MAJADAHONDA;;C/ de las Moreras, 2 (Pol. El Carralero II, Parcela 37) 28220 MAJADAHONDA (Madrid);40.44001;-3.8497746
C;M;ALCALA;;c/ Federico García Lorca, s/n 28805 ALCALA DE HENARES (Madrid);40.5050696;-3.3688064
C;M;SANTIAGO;;Av. Do Camiño Francés, 3 (C.C. AS CANCELAS) 15703 SANTIAGO DE COMPOSTELA (La Coruña);42.8891165;-8.5261738
C;M;ERANDIO;;Lataondo Bidea, 2 48950 ASUA-ERANDIO (Vizcaya);43.3020222;-2.9528597
C;M;LEON;;Alcalde Miguel Castaño, 95 24005 LEON;42.5856964;-5.5585136
C;M;REUS;;Avda. María Fortuny, s/n 43204 REUS (Tarragona);41.1562168;1.1175602
C;M;LOS ANGELES;;Avda. de Andalucía, km. 7,1 28041 MADRID;40.3629859;-3.692684
C;M;BURGOS;;Av. de Cantabria, 111 09006 BURGOS;42.3598811;-3.695
C;M;GRAN VIA;;C/ José García Sellés, 2 03015 ALICANTE;38.367074;-0.469277
C;M;ALUCHE;;Avenída de los Poblados, 58 28044 MADRID;40.3864175;-3.7641431
C;M;ALZIRA;;Ctra. de Albalat, s/n 46600 ALZIRA (Valencia);39.1511854;-0.4333643
C;M;VILLALBA;;Ctra. Navacerrada, s/n 28400 COLLADO VILLALBA (Madrid);40.6375249;-4.0054478
C;M;PAMPLONA;;Avda. Barañain s/n (Edf. Ponsal) 31008 PAMPLONA;42.8094027;-1.6651644
C;M;PARLA;;Carretera Parla a Pinto, s/n 28980 PARLA (Madrid);;
C;M;OURENSE;;Rúa Dos Emigrantes, 1 (O Fonsillón) 32005 OURENSE;42.3214914;-7.876922
C;M;CASTELLON;;Avda. del Mar, s/n 12003 CASTELLON;39.9838518;-0.0256534
C;M;VIGO II;;Rúa do Miradoiro, 2, 36210, VIGO (Pontevedra);42.2207476;-8.7235767
C;M;LOS PATIOS;;Ctra. de Cádiz, Km. 241 29004 MALAGA;36.6865353;-4.4587149
C;M;VALLE REAL;;Ctra. Nacional 635 Km 2,7 39600 CAMARGO (Cantabria);43.4271408;-3.8386324
C;M;SAN JUAN;;Ctra. de Valencia, Km. 89 03550 SAN JUAN (Alicante);38.401717;-0.4356604
C;M;GANDIA;;Avda. Blasco Ibañez, 1 (P.I. Rafalcaid) 46700 GANDIA (VALENCIA);38.9750207;-0.1771321
C;M;SALAMANCA;;Avda. Agustinos Recoletos, 1 al 35 37005 SALAMANCA;40.9799672;-5.6639748
C;M;GORBEIA;;C.C. GORBEIA PLAN PARCIAL SAU NORTE A - 622, Km 9 - Etxebarri - Ibiña - 01196 ZIGOITIA (Alava);42.9112077;-2.7142814
C;M;ALMERIA;;Avda. del Mediterráneo, 244 04006 ALMERIA;36.8413734;-2.444037
C;M;SAGUNTO;;Carretera Sagunto-Puerto Sagunto, km. 5 46500 SAGUNTO (Valencia);39.6795302;-0.268899
C;M;HORTALEZA;;Gran Vía de Hortaleza, s/n 28043 MADRID;40.4678769;-3.6489314
C;M;ALBACETE;;Avda. 1º de Mayo, s/n 02006 ALBACETE;38.9863471;-1.8690845
C;M;TALAVERA;;Antigua Carretera N-V, km. 104 45600 TALAVERA DE LA REINA (Toledo);39.9617411;-4.825774
C;M;GETAFE;;"""Ctra. Villaverde-Getafe, s/n """"C.C. EL BULEVAR"""" 28905 GETAFE (Madrid)""";40.3069152;-3.7514137
C;M;PONTEVEDRA;;Rua de San Blas, s/n. (Salcedo) 36143 SALCEDO (Pontevedra);42.2839817;-8.7833871
C;M;MASSALFASSAR;;Parque Comercial El Manar - Carretera La Gombalda CV-32 km. 0,5 - 46560 MASSALFASSAR;39.5537124;-0.3025285
C;M;PULIANAS;;"""C/ Luis Buñuel, s/ Parc-24 """"Parque Cial. Kinépolis"""" 18197 PULIANAS ( Granada )""";37.2124261;-3.6171616
C;M;PATERNA;;Urbanización Polígono Norte 46980 PATERNA (Valencia);39.5037093;-0.4431618
C;M;CIUDAD REAL;;Av. Europa, 45 13005 CIUDAD REAL;38.9805109;-3.9155031
C;M;OLERDOLA;;Avda. Barcelona, 41-49 ( Sant Pere Molanta ) 08799 OLERDOLA ( BARCELONA );41.3548903;1.7391862
C;M;ROSALEDA;;C/ Simón Bolívar, s/n (C.C. La Rosaleda) 29011 MALAGA;36.7347128;-4.4321683
C;M;TORRELAVEGA;;Avenída Bilbao, s/n (Polg. Los Ochos) 39300 TORRELAVEGA (Cantabria);43.3433381;-4.0326948
C;M;LOS FRESNOS;;Avda. del Llano, s/n 33209 GIJON (Asturias);43.5317876;-5.6628579
C;M;HUELVA;;Ronda Exterior Zona Sur, s/n 21007 HUELVA;37.2619585;-6.9427327
C;M;VINAROZ;;Crta. Nacional 340. km. 1049 ( Pol. Ind. Vinaroz ) 12500 VINAROZ ( CASTELLON );40.4549963;0.450816
C;M;LA SIERRA;;C/ Poeta Emilio Prado, s/n 14011 CORDOBA;37.896326;-4.7913996
C;M;JAEN;;Ctra. Bailen- Motril, Km. 37,5 23009 JAEN;37.7810997;-3.766842
C;M;EL PINAR;;Ctra. Madrid- La Coruña Km. 22 28230 EL PINAR DE LAS ROZAS (Madrid);40.4953138;-3.8784732
C;M;BAHIA;;C/ Caño Herrera, s/n (Parque Comercial Bahía Sur) 11100 SAN FERNANDO (Cádiz);36.4722648;-6.2088851
C;M;SAN FERNANDO;;Ctra. Nacional II, Km. 16 28830 SAN FERNANDO DE HENARES (Madrid);40.42441;-3.53541
C;M;COCENTAINA;;Avenida L'Altet, 2 03820 COCENTAINA ( Alicante );38.738618;-0.4384458
C;M;LUGO;;Carretera de la Coruña km. 501 27004 LUGO;43.0057302;-7.5739863
C;M;OVIEDO;;Av. Fernandez Ladrea, s/n (C.C. Los Prados) 33011 OVIEDO;43.3707475;-5.8340288
C;M;AZABACHE;;Ctra. N-630, Km. 451 33420 LUGONES (Asturias);43.4135975;-5.7975656
C;M;PALENCIA;;Avda. de Madrid, 37 34004 PALENCIA;41.9914052;-4.5166838
C;M;TORREVIEJA;;Carretera Crevillente, km. 34.400 03180 TORREVIEJA (Alicante);38.0096548;-0.6948947
C;M;FERROL;;Av. Buque Escola Galatea, s/n 15405 FERROL (La Coruña);43.5045168;-8.2057209
C;M;PARQUE ASTUR;;El Pedrero, s/n 33468 TRASONA (Asturias);43.5466718;-5.8695085
C;M;DOS HERMANAS;;Ctra. Nacional IV, km. 555 (Esq. Avda. Dr. Fleming) 41700 DOS HERMANAS (Sevilla);37.2777621;-5.9365859
C;M;HOYA DE LA PLATA;;Paseo San José, s/ (C.C. Hoya de la Plata) 35016 LAS PALMAS DE GRAN CANARIA;28.091904;-15.4189822
C;M;SAN PABLO;;c/ José Jesús García Díaz, 1 41020 SEVILLA;37.4065533;-5.9389895
C;M;FUENGIROLA;;Parque Miramar. Av. Encarnacion S/N 29640 FUENGIROLA (Malaga);36.5287161;-4.6323609
C;M;TRES CANTOS;;Avenida de los Labradores, 9 y 11 28760 TRES CANTOS ( MADRID );40.5991264;-3.7090218
C;M;ZAHIRA;;Ctra. de Madrid, Km. 400 14014 CORDOBA;37.9192042;-4.6996549
C;M;CAMAS;;Poeta Muñoz San Román, s/n 41900 CAMAS (Sevilla);37.3961829;-6.0344855
C;M;VALLSUR;;Camino Viejo de Simancas, s/n 47008 VALLADOLID;41.623294;-4.7500894
C;M;LORCA ALMENARA;;C.C. Parque Lorca Almenara Autovía Lorca-Aguilas, Km. 1'800 - 30800 LORCA (Murcia);37.6342819;-1.6989389
C;M;CACERES;;Av. de las Arenas, 51 10005 CACERES;39.467489;-6.3954249
C;M;RINCON DE LA VICTORIA;;c/ Arroyo de Totalan, 36 (Cala del Moral) 29720 RINCÓN DE LA VICTORIA (Málaga);36.7229759;-4.313039
C;M;SANTANDER;;Peñacastillo “El Empalme” 39011 SANTANDER;43.4479223;-3.8587225
C;M;LA LINEA;;Avda. de la Colonia, 9 11300 LA LINEA (Cádiz);36.1729443;-5.3633696
C;M;ALMERIMAR;;Ctra. Almerimar, s/n (C. Cial. El Copo) 04700 EL EJIDO (Almería);36.7524419;-2.8065391
C;M;AVILA;;Avda. Juan Carlos I, 45 05004 AVILA;40.6686094;-4.6602121
C;M;MADRID SUR;;Av. Pablo Neruda, 91-97 28018 MADRID;40.3813745;-3.6632745
C;M;PUERTA DE ALICANTE;;C/ Alcalde Lorenzo Carbonell, s/n esq. Via Parque 03007 ALICANTE;38.3412116;-0.5178724
C;M;SAN JAVIER;;Ctra. San Javier a San Pedro del Pinatar N-332 Km.23 30730 SAN JAVIER (Murcia);37.8188933;-0.8168099
C;M;JEREZ NORTE;;Avda. de Europa, s/n 11405 JEREZ DE LA FRONTERA (Cádiz);36.6969181;-6.1146111
C;M;MACARENA;;Ronda Urbana Norte, s/n 41015 SEVILLA;37.416087;-5.9738141
C;M;ZAMORA;;C.C. Valderaduey, Avda. Cardenal Cisneros, s/n 49023 ZAMORA;41.5143979;-5.7475012
C;M;PORTO PI;;Avda. Gabriel Roca, 54 07015 PALMA DE MALLORCA;39.5510388;2.6210982
C;M;ORIHUELA;;Crta Orihuela-Bigastro, Km 1 03300 ORIHUELA (Alicante);38.0793811;-0.9341296
C;M;ALFAFAR;;Avenída de la Albufera, s/n 46910 ALFAFAR (Valencia);39.4223152;-0.3835786
C;M;EL ALISAL;;Calle Joaquín Rodrigo, 2 39011 SANTANDER;43.4573631;-3.8619811
C;M;SEGOVIA;;Ctra. De Madrid s/n. Poligono El Cerro 40006-SEGOVIA;40.9215255;-4.1123628
C;M;LOS BARRIOS;;Carretera Cádiz-Málaga, km. 112,9 11370 LOS BARRIOS (Cádiz);36.1813932;-5.441952
C;M;MONTEQUINTO;;Carretera de Utrera, km., 1 41013 SEVILLA;37.3522242;-5.9475763
C;M;CIUDAD IMAGEN;;Carretera Boadilla, Km. 1 28224 POZUELO DE ALARCON (Madrid);40.3985951;-3.7858973
C;M;ONDARA;;Av. Costa Blanca, 1 03760 ONDARA (Alicante);38.8176016;0.022446
C;M;ALGECIRAS;;Ctra. Cádiz-Malaga, Km. 106,25 11204 Algeciras (Cádiz);36.1886048;-5.4357881
C;M;HUESCA;;C/ Doctor Artero, 31 (C. Cial. Coso Real) 22004 HUESCA;42.1449286;-0.4149203
C;M;GOIERRI;;"""Polígono Industrial, 201 """"Barrio Yurre"""" 20212 OLABERRIA (Guipúzcoa)""";43.0305398;-2.2184401
C;M;EL PASEO;;Ctra. Madrid-Cádiz, Km. 653 11500 PUERTO DE SANTA MARIA (Cádiz);36.6555315;-6.1697012
C;M;ROQUETAS DE MAR;;Ctra. de Alicún, s/n (Gran Plaza Parque Comercial) 04740 ROQUETAS DE MAR (Almería);36.7744239;-2.6134359
C;M;ANTEQUERA;;Ctra. De Sevilla N-343, Km. 6,5 29200 ANTEQUERA (Málaga);37.0256697;-4.5724071
C;M;LA GRANADILLA;;C/ José María Alcaraz y Alenda, s/n 06011 BADAJOZ;38.8716676;-6.9918619
C;M;MERIDA;;Carretera Madrid-Lisboa, s/n 06800 MERIDA (Badajoz);38.9063122;-6.3598313
C;M;PLASENCIA;;C/ Manuel Muñoz Palomino, s/n 10600 PLASENCIA (CACERES);40.0355527;-6.0813646
C;M;LUCENA;;P.I. Los Polvillares - Manzana 1, Plan Parcial I-3 14900 LUCENA (Córdoba);37.4123083;-4.5077822
C;M;LOS ROSALES;;Ronda de Outeiro, 419 (Esq. Ctra. De los Fuertes) 15011 LA CORUÑA;43.373187;-8.4256619
C;M;TUDELA;;Crta, de Tarazona, km. 3 31500 TUDELA;42.0442838;-1.6194948
C;M;CARTAGENA;;Pº Alfonso XIII, s/n 30203 CARTAGENA (Murcia);37.6069501;-0.9815541
C;M;VICAR;;Salida Km. 429 A-7 (Parque Comercial Viapark) 04738 VICAR ( Almería );36.8158032;-2.6011776
C;M;MIERES;;Avda. del Camino, s/n (Centro Empresas El Caudal) 33600 MIERES (Asturias);43.2520766;-5.7847978
C;M;CEUTA;;Av. Teniente General Muslera, s/n 51002 CEUTA;35.8922572;-5.3264381
C;M;DENIA;;Av. De Valencia, s/n 03700 DENIA (Alicante);38.8395613;0.0999091
C;M;SA COMA;;Avinguda de les Palmeres 07530 Sant Llorenç des Cardassar;39.6113236;3.2854006
C;M;ECIJA;;Prolongación Avda. del Genil, s/ (C.C. N-4) 41400 ECIJA (Sevilla);37.5312108;-5.0864159
C;M;LA CALZADA;;Maestro Amado Moran, s/n 33213 GIJON (Asturias);43.5371409;-5.6962948
C;M;CUENCA;;Av. Mediterráneo, s/n 16004 CUENCA;40.0605545;-2.1288876
C;M;SANTA POLA;;Lerida, 10 03130 SANTA POLA (Alicante);38.1991185;-0.5619902
C;M;MELILLA;;General Polavieja, 30 52005 MELILLA;35.2846921;-2.9423581
C;M;VILLANUEVA;;Ctra. de Circunvalación, s/n 06700 VILLANUEVA DE LA SERENA (Badajoz);38.9821345;-5.7892916
C;M;JEREZ SUR;;Carretera Nacional IV, km. 641 (Pta. del SUR) 11408 JEREZ DE LA FRONTERA (Cádiz);36.9364601;-5.9203717
C;M;CULLERA;;Ctra. Sueca s/n 46400 CULLERA (Valencia);39.1713404;-0.2613295
C;M;SON COTONER;;Carrer Joan Muntaner i Bujosa s/n (Urb. Son Cotoner) 07011 Palma de Mallorca;39.5834651;2.6343248
C;M;OLOT;;Avda. Santa Coloma, 74 17800 OLOT ( Girona );42.1704013;2.4763101
C;M;CORISTANCO;;Capelan, s/ Oca (San Martiño) 15147 CORISTANCO (La Coruña);43.1919903;-8.7293122
C;M;PUENTE GENIL;;C/ Ramblas, s/n 14500 PUENTE GENIL (Córdoba);37.3887529;-4.7650998
C;M;VILLARROBLEDO;;Avda. Reyes Católicos, Manzana 26 02600 VILLARROBLEDO (Albacete);39.2664679;-2.5970704
C;M;SANT FRUITOS;;Crta. Manresa a Berga, Km. 1 08272 SANT FRUITOS DEL BAGES (BARCELONA);41.7509262;1.8746239
C;M;MANZANARES;;Antigua Ctra. N-430 esq. Ctra. Villarrubia 13200 MANZANARES (Ciudad Real);39.0073962,-3.3801691
C;M;AGUILAS;;Calle Andrés Segovia, 10 (C.Cial. Aguilas Plaza) 30880 ÁGUILAS (Murcia);37.4109711;-1.5643448
C;M;ALMENDRALEJO;;Polígono Industrial Carretera Arroyo San Servan Calle Mecánica , Manzana A, parcela 5-12, 06200 ALMENDRALEJO (Badajoz);38.6914575;-6.4058423
C;M;JACA;;Polg. Campancian, Calle de la Industria, s/n 22700 JACA (Huesca);42.5771827;-0.5288956
C;M;LA PALMA DEL CONDADO;;Crta. La Palma a Bollullos, Km. 3,2 21700 LA PALMA DEL CONDADO (Huelva);37.3867644;-6.5529858
C;M;CARTAYA;;Antigua Crta. Huelva -Ayamonte (P.I. La Estación) 21450 CARTAYA ( Huelva );37.2829635;-7.1507462
C;M;ZAFRA;;Crta. De Córdoba a Badajoz, Km. 71,3 06300 ZAFRA (Badajoz);38.4275431;-6.4114258
C;M;MAIRENA;;Crta. Mairena el Viso s/ (Pol. Ind. Los Cantosales) 41510 MAIRENA DEL ALCOR (Sevilla);37.3765844;-5.7372225
C;M;PLAYAS DE ORIHUELA;;Crta. Alicante - Cartagena, Nacional 332, Km. 52 03189 ORIHUELA COSTA ( Alicante );37.9408776;-0.7192634
C;M;BAENA;;Crta. A-305, Km. 60 14850 BAENA (Córdoba);37.6222561;-4.3082023
C;M;COLL D'EN RABASSA;;Avenída Cardenal Rossel, s/n 07007 PALMA DE MALLORCA;39.5526447;2.694692
C;M;LA BALLENA;;Crta. General Norte, 112 (C.C. La Ballena) 35013 LAS PALMAS DE GRAN CANARIA;28.1016209;-15.4426342
C;M;TENERIFE II (Meridiano);;Avda, La Salle esq. Manuel Hermoso Rojas, s/n 38005 SANTA CRUZ DE TENERIFE;28.4570234;-16.2614522
C;M;TENERIFE (Añaza);;Autopista Sur, km. 5,9 (Urb. AÑAZA) 38109 SANTA CRUZ DE TENERIFE;28.4267077;-16.3014063
C;M;BARBERÁ;;Ctra. de Barcelona, km. 6,7 (C.C. Baricentro) 08210 BARBERA DEL VALLES (Barcelona);41.507867;2.1384261
C;M;GRAN VIA L'HOSPITALET;;Avda. Gran Vía, 75-93 08908 L'HOSPITALET DEL LLOBREGAT (Barcelona);41.3587091;2.1293739
C;M;LLEIDA;;Gran Paseo de Ronda, 63 25006 LERIDA;41.6168946;0.6131342
C;M;SANT CUGAT;;Av. de la Via Augusta, 2-14 08174 Sant Cugat del Vallès (Barcelona);41.4842605;2.0535039
C;M;TARRASA-MONTSERRAT;;Calle Extremadura s/n 08227 TARRASA (Barcelona);41.5659931;2.0363462
C;M;VALLÉS;;Autopista C-58. Km. 17,800 08228 TARRASA (Barcelona);41.5429803;2.0499627
C;M;L'AMETLLA;;Crta. C-17, Km. 27 08480 L'AMETLLA DEL VALLES ( BARCELONA );41.6627594;2.2684857
C;M;GIRONA;;Crta. de França, 42-44 17007 GIRONA;41.9955526;2.820165
C;M;GRANOLLERS;;Cami Ral, 4 - Avenida Europa 08400 GRANOLLERS ( BARCELONA );41.5954514;2.28472
C;M;IGUALADA;;Avda. Paissos Catalans, s/ 08700 IGUALADA ( BARCELONA );41.5912132;1.6197896
C;M;NOU CENTRE (Figueres);;Crta. De Figueres a Roses, Km. 29 17484 VILATENIM ( GIRONA );42.2687071;3.0017799
C;M;SANTA SUSANA;;Crta. Nacional II, Km. 673 08398 SANTA SUSANA ( BARCELONA );41.6368179;2.7175649
C;M;VIC;;C/ La Lotja, 6 ( Uranización El Sucre ) 08500 VIC ( BARCELONA );41.9264176;2.2461623
C;M;MH ALCALA DE HENARES;;Calle Vía Complutense, 49 28805 ALCALA DE HENARES (Madrid);40.4872909;-3.3608556
C;M;RIVAS;;Avda. de la Técnica, s/n (P.I.Sta. Ana) 28529 RIVAS (Madrid);40.3474165;-3.5428989
C;M;SAN BLAS (Las Rosas);;Avenída Guadalajara, 2 28032 MADRID;40.4231852;-3.6096997
C;M;SS REYES (Moscatelares);;Ctra. De Burgos (N-I), salida 19 (Polg. Cial. Megapark) 28700 S. SEBASTIAN DE LOS REYES (Madrid);40.5589672;-3.6261976
C;M;MH TORREJON;;Carretera de Loeches, s/ (P.I. Las Monjas) 28850 TORREJON DE ARDOZ ( MADRID );40.4476842;-3.4680441
C;M;MH VALDELASFUENTES;;C/ Marqués de la Valdavia, 167 28100 ALCOBENDAS (Madrid);40.5478474;-3.661249
C;M;VALLECAS (La Gavia);;Adolfo Bioy Casares, 2 28051 MADRID;40.3689253;-3.5991676
C;M;LEGANÉS;;Avda. Puerta del Sol, 2 Bloque C P. Cial. Plaza Nueva Leganés (28918-LEGANES);40.3440568;-3.7595337
C;M;BENIDORM (Finestrat);;Carretera Nueva Finestrat a la Cala, km. 5 03509 FINESTRAT (Alicante);38.5409529;-0.1725557
C;M;INFANTE (MURCIA);;Av. Lope de Vega, s/n 30011 MURCIA;37.9787445;-1.1144018
C;M;MURCIA (Atalayas);;C/ Molino de Segura, s/n (C. C. Las Atalayas) 30007 MURCIA;37.9918675;-1.1130524
C;M;PARQUE MEDITERRANEO (Cartagena 2);;Calle Londres, s/ (C.C. Parque Mediterraneo) 30353 CARTAGENA (Murcia);37.6258175;-0.9492049
C;M;PETRER (Vinalopó);;Autovía Alicante-Madrid, km. 36,5 03610 PETRER (Alicante);38.4854276;-0.7663138
C;M;SAN SEBASTIAN (Oiartzun);;Ctra. Madrid-Irún, Km. 469 20180 OIARTZUN (Guipúzcoa);43.3381465;-1.7888495
C;M;L'ELIANA;;C/ Tuejar, 39 46183 LA ELIANA (Valencia);39.5773434;-0.5289142
C;M;VILA-REAL;;Avenida Matilde Salvador, s/n 12540 VILLARREAL DE LOS INFANTES (Castellón);39.9271554;-0.104533
C;M;PARQUESOL;;Av. Del Real Valladolid, 5 47014 VALLADOLID;41.6420672;-4.761069
C;M;PONFERRADA;;Avenída de la Constitución, 2 24400 PONFERRADA (León);42.5563518;-6.6033679
C;M;VALLADOLID 2;;Costa Brava, 2 47010 VALLADOLID;41.6692185;-4.709486
C;M;MH LALIN;;Arenal s/n 36500 LAIN (Pontevedra);42.6632343;-8.1111558
C;M;LA CORUÑA (A. Molina);;C/ Francisco Pérez Carballo, 5 15008 LA CORUÑA;43.3383878;-8.4075628
C;M;MH OLEIROS;;Rua do Morrazo, 11 15171 IÑAS OLEIROS (La Coruña);43.3227686;-8.3186313
C;M;VIGO I;;Travesía de Vigo, 202 36207 VIGO (Pontevedra);42.2436292;-8.695648
C;M;BADAJOZ (Ctra. Valverde);;Carretera Valverde de Leganés, km. 1 06010 BADAJOZ;38.860477;-6.9714076
C;M;FRQ ALCAZAR DE SAN JUAN;;C/ Herencia, s/n 13600 ALCAZAR DE SAN JUAN (Ciudad Real);39.3873908;-3.2298583
C;M;FRQ PUERTOLLANO;;Ctra. Ncl 420,km. 160-Urb. Ind. Escaparate 13500 PUERTOLLANO (Ciudad Real);38.6788504;-4.102202
C;M;FRQ ANDUJAR;;Avda. Blas Infante, 14 23740 ANDUJAR (Jaén);38.0379898;-4.0389031
C;M;FRQ UBEDA;;Esq.Avd. de Linares s/n 23400 UBEDA (Jaén);38.1797742;-3.4338226
C;M;ALAMEDA;;Prolongación Avda. Andalucía s/n 29007 MALAGA;36.6881278;-4.4586202
C;M;FRQ ESTEPONA;;Ctra. Cádiz-Málaga km. 156,9 29680 ESTEPONA (Málaga);36.4353554;-5.1520463
C;M;FRQ TORREMOLINOS;;Ctra. Circunvalación s/ (antigua N- 340)Costasol Centro 29620 TORREMOLINOS (Málaga);36.6129806;-4.51325
C;M;FRQ MIJAS;;Av. De los Lirios, s/n 29650 MIJAS COSTA (Málaga);36.5419248;-4.637207
C;M;FRQ VALLE DEL GUADALHORCE;;Ctra. Coin-Cartama, Km. 1 (C.C. La Trocha) 29100-COIN (Malaga);36.6743442;-4.7339202
C;M;FRQ LA CALA DE MIJAS;;Av. De Mare Nostrum, s/n 29649-LA CALA DE MIJAS (Málaga);36.5063043;-4.6822909
C;M;ARCOS DE LA FRONTERA;;Parque Comercial Las Tiendas de Arcos 11630 ARCOS DE LA FRONTERA (Cádiz);36.7427711;-5.7932863
C;M;SAN JUAN DE AZNALFARACHE;;Ctra. San Juan de Aznalfarache-Tomares, km. 1 41920 SAN JUAN DE AZNALFARACHE (Sevilla);37.3672133;-6.0348137
C;N;Boadilla-La Carcava;;Av. del Monte Romanillos-C/Cabo de la Nao;40.4215589;-3.9104056
C;N;Pamplona-av.Bayona;;Avda. Bayona 2;42.8152338;-1.6556434
C;N;Pamplona Leyre;;Calle Leyre 14 bis;42.8144334;-1.6389218
C;N;Huelva (Los Litris);;Pza de los Litris s/n, esq c/Jesus de la Pasión;37.2603039;-6.9479772
C;N;Marbella General López Dominguez 19;;Avda. Gral. López Dominguez, 19 / C.P. 29600;36.51367;-4.8769799
C;N;Marbella El Rosario;;Ctra. Cádiz Km 188 (Urb. El Rosario) C.P.29603;36.504142;-4.8084905
C;N;Cádiz García Gamero 28;;Garcia Gamero, 28 / C.P. 11001 Cádiz;36.5172749;-6.2761469
C;N;Torremolinos Paseo Del Colorado;;Paseo Del Colorado 25;36.6319628;-4.4926986
C;N;Estepona Torre De Almenara;;Torre De Almenara, S/N;36.4256345;-5.1510261
C;N;Benalmádena Antonio Machado;;Avda Antonio Machado 20;36.5982361;-4.5182719
C;N;Arroyo De La Miel Obispo Herrera Oria;;Avda. Obispo Herrera Oria Esquina Avda. Estación, C.P. 29630;36.5979182;-4.5378176
C;N;Igualada 2;;Passeig Jacint Verdaguer, 199;41.5781923;1.6309197
C;N;Ciudad Real;;Ciruela, 11;38.9823206;-3.9278782
C;N;Chiclana Cc Tartessus;;C.C. Tartessus Ctra. De La Loma Nova Sancti Petri;36.3400063;-6.1484173
C;N;Cardedeu;;Crta Granollers-St Celoni C-151;41.6401314;2.3783954
C;N;Madrid Avda Niza 50;;Avda Niza 50;40.4336916;-3.6076432
C;N;Huelva;;Pº de las Monjas, 17;37.2578817;-6.9516732
C;N;Madrid Galileo 87;;C/ Galileo 87;40.4390645;-3.7101175
C;N;Málaga Gordon 13;;C/ Gordon 13;36.7293503;-4.4159124
C;N;C/Toledo 143;;c/ Toledo, 143;40.4043432;-3.7124178
C;N;Mijas Costa Nuevo Boulevard;;Nuevo Boulevard, S/N / C.P.29649;36.5968205;-4.6330901
C;N;Mercado Provencals;;C/ Menorca 19;41.4196526;2.1963791
C;N;Santa Coloma de Gramanet 2;;Avda de Santa Coloma 24 y 26;41.4505995;2.2066374
C;N;El Campello;;Avda. de L'Estació, s/n (junto a FGV-TRAM);38.4262629;-0.3959033
C;N;Castellón 1;;Mayor, 64;39.9870027;-0.0390704
C;N;Pineda 1;;Garbí, 123-137;41.6228283;2.6738077
C;N;Sanxenxo;;Lugar de Vinquiño, 24A;42.4115789;-8.8129276
C;N;Salobreña Avenida del Mediterráneo;;Avda Perone Parcela 3 (Avda Mediterráneo);36.7419647;-3.5827418
C;N;Chipiona Avda. Sevilla;;Avda. Sevilla 10-12;36.7377667;-6.439231
C;N;Sada (Coruña);;Puerto Deportivo Sada;43.3596144;-8.2485209
C;N;Madrid Bolívar 15;;Bolivar 15;40.3928052;-3.6904705
C;N;Salamanca 2;;Avda de la Estacion s/;40.9796311;-5.6431662
C;N;S.Pedro Alcántara Plaza Istán;;Plaza Istan (Ed. San Miguel), C.P. 29670;36.4875962;-4.9888845
C;N;Motril;;Avda Salobreña, 24;36.7442347;-3.5229643
C;N;Valls;;Avda F Gumà i Ferran;41.2923104;1.2584213
C;N;Puertollano;;Pº san Gregorio, 3;38.6873157;-4.1053533
C;N;Pineda 2;;Crta Nacional II;41.6584556;1.1736213
C;N;El Escorial Cañada Nueva;;Cañada Nueva 2;40.5939355;-4.1454161
C;N;Paterna;;Pista de Ademuz, salidas 6 y 7 - C.C. Herón City;39.5296395;-0.4417001
C;N;Valdebebas;;C/Jordi Solé Turá 8 con Av/Juan Antonio Samaranch 64;40.4930959;-3.6106799
C;N;Vitoria Aretxabaleta;;C/ Iruraitz-Gauna,1 Bajo 01;42.8345944;-2.6699201
C;N;Nerja Antonio Ferrandis;;Antonio Ferrandis S/N;36.7455158;-3.8834316
C;N;Leganés Fuente Honda;;Plaza Fuente Honda;40.3286701;-3.7666306
C;N;Nerja El Capistrano;;Ctra. Málaga-Almería Km. 292 (Urb. El Capistrano),;36.8512151;-2.4521658
C;N;El Vendrell;;C/Jaume Carner, 56;41.2172564;1.5356758
C;N;Vallfogona;;Crta Tàrrega, 4;41.6480797;1.1409432
C;N;Sevilla-Nervión;;CC Nervión- C/Luis de Morales, 3;37.38514;-5.97175
C;N;Algete;;C/ Jorge Manrique;40.5970614;-3.5057289
C;N;Albacete Iris;;c/ Iris, 8-10;38.997833;-1.8547859
C;N;Miraflores Calle Del Río;;Del Rio S/N;40.8109585;-3.7686883
C;N;Dante;;Calle Dante Alighieri 119;41.4266199;2.1552524
C;N;Las Rozas Martín Iriarte;;Martin Iriarte S/N;40.5486106;-3.8930432
C;N;Moscatelar;;C/Moscatelar 2-4;40.4569731;-3.6527157
C;N;Valdemoro;;C/ Agustina de Aragón, 3 (Parcela TC-3-2);40.1926298;-3.6920397
C;N;Cádiz Diego Arias;;Diego Arias, 9-15 / C.P. 11002 Cádiz;36.531843;-6.3032534
C;N;S. Pedro Alcántara Cortijo Blanco;;Urb. Cortijo Blanco Parcela A1;36.4785835;-4.9756998
C;N;Torredembarra;;C/Cami del Moro, s/n esq. Passeig Miramar;41.1449878;1.4085047
C;N;Santander;;Avda J Monasterio, 23;43.4615807;-3.8132205
C;N;Jerez;;Doña Blanca, 13;36.6822856;-6.1352198
C;N;Vejer De La Frontera Buenavista;;Avd.Andalucia, Esq.Avd.Buenavista / C.P.:11150;36.2302671;-5.9801265
C;N;Moraira;;Ctra Moraira-Teulada número 23 parcela 1A;38.7123182;0.1301199
C;N;C/Alcalá 396;;Calle Alcala 396;40.4367039;-3.6404211
C;N;Logroño 1;;Avda Rioja, 8;42.4646156;-2.4470376
C;N;Torroella;;c/ del Molí s/n;42.0789291;3.0964393
C;N;Puerto Santa Maria Avda. De La Libertad;;Avda. De La Libertad S/N - 11500 Pto De Sta María (Cádiz);36.5913589;-6.2487629
C;N;Madrid Golfo De Salónica 2;;Golfo Salonica 2;40.47527;-3.6647651
C;N;Rota;;Plaza de Maria Auxiliadora;36.6233896;-6.3628969
C;N;Tarragona;;Augusto, 13;41.1159568;1.2539829
C;N;Rincón De La Victoria La Cala Del Moral;;Plaza Antonio Estrada, La Cala Del Moral;36.7158542;-4.3081234
C;N;Tolosa;;Calle Larramendi, 32-34;43.1462011;-2.0711468
C;N;Arroyo de la Miel;;AvdAguamarina;36.6030839;-4.5403635
C;N;Barcelona Sants;;Carrer de Sants 303-317;41.375394;2.1286811
C;N;Parla;;Avenida de los Planetas, 42;40.2231452;-3.7581107
C;N;Roger de Flor;;Calle de Roger de Flor, 168;41.3978623;2.1740968
C;N;Ames Bertamirans;;C/ Entre Rios 7;42.8599702;-8.6514283
C;N;Marbella Cc Guadalmina;;C C Guadalmina;36.4741933;-5.0037802
C;N;Mercado de Guinardó;;Calle Teodor Llorente,10;41.4193278;2.1786056
C;N;Arroyomolinos;;Avda de las Castañeras s/n;40.2731952;-3.9232434
C;N;Cee Corcubión;;Centro Comercial Finis Terrae, Recheo, s/n;42.9558289;-9.1909107
C;N;Terrasa 2;;Avda Angel Sallent;41.5583751;1.999821
C;N;El Encinar;;C C El Encinar./C. del Camino del Cura, 10;40.508371;-3.645521
C;N;Gandía (Cibeles);;C/ Cibeles;38.997464;-0.1606453
C;N;Sinesio Delgado;;Sinesio Delgado, 56;40.4718883;-3.7096384
C;N;Brescia;;Brescia 19;40.4365827;-3.6647206
C;N;Málaga Juan Sebastián El Cano 30;;Avda Juan Sebast. Elcano 1;36.7220631;-4.3804305
C;N;Moaña;;Rua as Barxas esquina carretera Sisalde;42.2876116;-8.7343515
C;N;Cádiz 2;;Rochester, s/n;36.5175949;-6.2847357
C;N;Vitoria;;Gral Alava, 10;42.844995;-2.6731114
C;N;Palafrugell 1;;Avda del Mar , 1;41.9051996;3.1750901
C;N;Santa Coloma de Gramanet 1;;Rbla St Sebastià, 78-80;41.4506092;2.2144921
C;N;Las Rozas;;Avenida del Polideportivo s./n.;40.4953026;-3.879246
C;N;Almería;;Pº Almería, 18;36.8399543;-2.4638647
C;N;Arroyo de la Miel Salvador Vicente;;Avda Salvador Vicente;36.6032137;-4.533023
C;N;Reserva del Higuerón;;Centro Cial El Higuerón, Ctra Comarcal Mijas-Benalmadena;36.5757945;-4.5917731
C;N;El Casar;;Crta. Fuente el Saz, km 8, Parcela 4, Manzana B_D, Sector 7;40.7058621;-3.427332
C;N;Puerto Santa María El Aguila;;Urb.El Aguila C/ Mochuelo, Esq.Buho Real / C.P.:11500;36.6025106;-6.2597322
C;N;Bilbao 1;;Pza Santos Juanes, s/n;43.2553615;-2.922632
C;N;Tudescos;;C/Tudescos 1 (Esq. Gran Vía);40.4208559;-3.7061332
C;N;San Vicente Raspeig;;Centro Comercial San Vicente, Ctra de Alicante a San Vicente de Raspeig km 94;38.4102285;-0.5163312
C;N;Vía Laietana ;;Vía Laietana 48;41.3867138;2.1754718
C;N;Madrid-Alberto Aguilera-Boulevard;;Calle Alberto Aguilera, 56;40.4305622;-3.7133269
C;N;Torre Valentina;;Ctra Palamós s/n;41.8373532;3.092823
C;N;Palencia 1;;Pedro Romero, 2;42.0106325;-4.5345435
C;N;Bilbao 2;;Nicolas Alcorta, s/n;43.2565402;-2.9353254
C;N;Marbella Valentuñana;;C/ Valentuñana, 3 (Edif. Marbeland) C.P.29601;36.5108191;-4.8889346
C;N;Platja DAro 1;;Ctra Sta Cristina s/n;41.821796;3.0651328
C;N;Santiago;;Montero Rius, s/n;42.8752825;-8.5486543
C;N;Coslada;;Avda. de la Constitución 74;40.4256837;-3.5643182
C;N;El Escorial;;C/Las Pozas S/N;40.5987686;-4.1377927
C;N;Viladecans;;Avda de la Generalitat, 198-200;41.3095048;2.0128502
C;N;Marbella Nagueles;;Crta N. 340 Km 179 Nagueles;36.5092446;-4.9120122
C;N;Nuevo Baztán;;Centro Comercial Eurovillas Zona 1, Local 1;40.3546704;-3.2499796
C;N;Mercado Alto Extremadura;;Pº De los Jesuitas, 44;40.4079284;-3.7353
C;N;Julián Romea;;C/ Julián Romea 4;40.4427528;-3.7132546
C;N;Sitges;;Carrer de la Devesa, S/N, 08870 Sitges, Barcelona;41.23870636;1.819897879
C;N;Mijas Costa Cc Los Olivos;;C/Adarves , C.C Los Olivos, C.P.29649;36.49261;-4.714745
C;N;Berga 1;;Crta St Fruitós, 65;42.095631;1.8490042
C;N;Boadilla;;Av. Condesa de Chinchón, esquina Av.Victimas terrorismo;40.4073717;-3.902221
C;N;Parque Lisboa (Alcorcón);;Avda Jose Antonio, BIS, 19;40.3918983;-3.8367904
C;N;Móstoles;;Avda Constitución, 74;40.3275685;-3.8593273
C;N;Valladolid 1;;Santiago, 13;41.6503159;-4.7284118
C;N;Sarriá;;Pº Manuel Girona, 51;41.3921793;2.1262891
C;N;Tirso de Molina;;Plaza Tirso de Molina;40.4122618;-3.7041417
C;N;Cubelles;;Crta Comarcal, 246;41.1913422;1.5906646
C;N;Conil-El Colorado;;Carretera Barrio Nuevo, 125;36.3389359;-6.0766172
C;N;Marbella Cc Elviria;;Cc Elviria;36.495854;-4.7771567
C;N;La Escala 1;;Avda Girona, s/n;42.1186911;3.1298569
C;N;Vallecas;;Avda Albufera, 9;40.3978742;-3.6680636
C;N;Moratalaz 1;;Plaza del Encuentro 5;40.4056356;-3.6505963
C;N;Príncipe Vergara 1;;C/ Principe de Vergara, 253;40.4559825;-3.6774592
C;N;Cádiz 1;;Libertad, 1;36.5292176;-6.2940354
C;N;Salamanca 1;;Toro, 82;40.9680324;-5.6609296
C;N;Roses 1;;Encreuament de Cadaquès, s/n;42.2887571;3.2779723
C;N;Aluche;;Padre Piquer s/n;40.3921563;-3.7674545
C;N;Príncipe Vergara 2;;C/ Principe de Vergara, 120;40.440957;-3.678412
C;N;Quevedo;;Fuencarral, 158;40.4330767;-3.7038639
C;N;Madrid Calle Orense;;Calle Orense 48;40.4573981;-3.6942988
C;N;Cuatro Caminos;;Gta. de Cuatro Caminos 4;40.44722295;-3.704435728
C;N;Conde Peñalver;;C Peñalver, 15;40.4319743;-3.6749265
C;N;Lavapiés;;Valencia, 2;40.4060622;-3.6999668
C;N;Ramblas;;Rambla dels estudis,113;41.3839704;2.094533
C;N;Castelldefels;;Sector Camí Ral de València, 21-39;41.2803564;1.9839644
C;N;Puigcerdá;;Crta Puigcerdà-Seu d´Urgell , Km0,1;42.4258359;1.919928
C;N;Estepona 2;;Cristóbal Ruíz, Av. Juan Carlos I, Esquina;36.4253487;-5.1522318
C;N;Granada 2;;Av. de la Constitución, 24;37.1854038;-3.6062644
C;N;Manresa 2;;Carrer de Barcelona, 12;41.730458;1.822973
C;N;San Fernando 2;;Avenida Cayetano Roldán, Calle Colón, s/;36.4701559;-6.2004182
C;N;Baiona 2;;Rúa Real de Sabarís, 16;42.1102714;-8.8322435
C;N;Cártama 2;;Calle Maria Zambrano, 1;36.7370218;-4.6060908
C;N;Fuentes de Oñoro;;Av. Europa, 45;40.603363;-6.8193155
C;N;Martos 2;;Calle, Av. Moris Marrodán, 46;37.7172961;-3.9716534
C;N;Laguna 2;;Calle de la Laguna, 115;40.3889101;-3.7418229
C;N;Leganés 3;;Calle de la Palmera, s/n;40.3385009;-3.7741279
C;N;Acacias 4;;Calle Gasómetro, Calle de San Isidoro de Sevilla, Esquina;40.4042052;-3.7105957
C;N;Madrid Alcalá 281;;Alcala 281;40.4323926;-3.6550093
C;N;Madrid Canillas 142;;Canillas 142;40.4649243;-3.6389624
C;N;Madrid Ortega Y Gasset 63;;Ortega Y Gasset 63;40.4299985;-3.6742792
C;N;San Martín Valdeiglesias 2;;Av. Madrid, s/n, Centro Comercial Miralcampo;40.3591062;-4.3929273
C;N;Villaviciosa de Odón;;Avenida de Madrid 4;40.3541219;-3.8796896
C;N;Guadalcántara;;Avda. Virgen del Rocío - Urb. Guadalcántara;36.4815973;-4.9947494
C;N;Canal de Isabel II;;c/ Nuestra señora del Carmen, 1-3 c/v C/ Molinos, 26;40.4577874;-3.7017804
C;O;Logroño;LA RIOJA;Avda Moncalvillo, 21;42.4506148;-2.4550656
C;O;Madrid;MADRID;Calle Juan Ramón Jiménez ,41;40.4621256;-3.6873244
C;O;VALENCIA;VALENCIA;Avda. Manuel Candela 56;39.4708576;-0.3488664
C;O;Velez Malaga;Malaga;Calle Camino Viejo De Málaga 27;36.7742506;-4.1032074
C;O;Madrid;Madrid;Calle Tierra de Melide 30;40.5076812;-3.6641064
C;O;Madrid;MADRID;Calle Hermosilla 28;40.4263007;-3.6847751
C;O;Madrid;MADRID;Calle Fermin Caballero 10;40.4869158;-3.6999907
C;O;Madrid;MADRID;Calle Caceres 23;40.3985029;-3.6966472
C;O;Madrid;MADRID;Calle Ortega y Gasset, 51;40.4301351;-3.6771565
C;O;Madrid;Madrid;Calle Betanzos 87;40.4821227;-3.7143408
C;O;MADRID;MADRID;Calle San Bernardo, 83;40.4281372;-3.7065895
C;O;Madrid;MADRID;CALLE PASTORA IMPERIO 1;40.4809192;-3.6746319
C;O;MADRID;Madrid;PASEO DE LAS DELICIAS 30;40.4045482;-3.6938232
C;O;MADRID;Madrid;CALLE QUINTANA, 13;40.4276875;-3.7173894
C;O;MÁLAGA;MÁLAGA;Calle Cervantes 5;36.7200357;-4.409506
C;O;MADRID;MADRID;C/ Cea Bermudez, 53;40.4385374;-3.7147019
C;O;Madrid;MADRID;calle del Padre Claret , 11;40.4462345;-3.6649318
C;O;Entrambasaguas;Cantabria;Barrio La Rañada 14, Urbanización Montesol, Bloque 3 Local 9;43.3880365;-3.7258884
C;O;BILBAO;VIZCAYA;CALLE JULIAN GAYARRE, 8;43.2538978;-2.9152188
C;O;#N/A;#N/A;PXVI AMURRIO - DIONISIO ALDAMA, 11;43.0505769;-3.0007671
C;O;VILADECANES;BARCELONA;Avda. del Molino;41.3154689;2.0130559
C;O;BADALONA;BARCELONA;Avinguda President Companys, 32;41.4532124;2.2487148
C;O;BADALONA;BARCELONA;Calle Carretera Antiga de Valencia, 41;41.4384369;2.2247516
C;O;BADALONA;BARCELONA;C/ Francesc Layret, 128;41.451813;2.2497703
C;O;VALLADOLID;VALLADOLID;Pza Circular, 7 esq. C/ la Cistérniga;41.6473341;-4.7162579
C;O;MADRID;MADRID;Calle Padre Xifre, 3;40.4398426;-3.6729456
C;O;Cadiz;CADIZ;Calle Garcia Carrera, 24;36.5089409;-6.2759478
C;O;Madrid;MADRID;Calle Doctor Esquerdo,93;40.4168183;-3.6690911
C;O;ALPEDRETE;MADRID;C/ Real, 14;40.6275776;-4.0081362
C;O;RINCÓN DE LA VICTORIA;MALAGA;Avenida del Mediterráneo 133, local;36.7151935;-4.2834329
C;O;Santa Coloma de Andorra;ANDORRA;Avenida d´Enclar, 62-64;42.4961821;1.4999883
C;O;Salamanca;SALAMANCA;Paseo Del Rollo 17-19;40.965533;-5.6527722
C;O;MOSTOLES;MADRID;Calle Inmaculada 2;40.3234166;-3.8683864
C;O;Madrid;MADRID;Calle Marqués de Viana 79;40.4636032;-3.703613
C;O;Madrid;MADRID;Calle Santa Engracia 115;40.4380274;-3.7004213
C;O;MADRID;Madrid;María de Guzmán, 25;40.4442795;-3.7002956
C;O;Castelldefels;Barcelona;Avda. Constitució, 220 - c/v Avgda. 305,15;41.2764288;1.9753128
C;O;MADRID;MADRID;C/ Castelló, 36;40.42589;-3.6811842
C;O;MADRID;MADRID;CALLE MONTESA ,º 13;40.4271616;-3.6724089
C;O;MADRID;MADRID;Calle Diego De Leon 32;40.4345741;-3.6816372
C;O;MADRID;MADRID;CALLE CAMPEZO ESQ DEYANIRA;40.442484;-3.5832455
C;O;MADRID;MADRID;Calle Maria de Guzman ,57;40.4440734;-3.696768
C;O;MADRID;MADRID;Paseo General Martinez Campos 24;40.4349518;-3.6945547
C;O;MADRID;MADRID;Avenida Guadalajara, 128;40.4241146;-3.6068191
C;O;GIJON;ASTURIAS;Plaza San Miguel, 5;43.5397833;-5.6571629
C;O;Gijon;ASTURIAS;Paseo Begoña 5;43.5397715;-5.6614882
C;O;Granada;Granada;C/CAMINO BAJO HUETOR 45;37.1602314;-3.5887439
C;O;Granada;Granada;Avenida Del Sur 21;37.1880288;-3.6144078
C;O;MADRID;MADRID;Plaza del Angel 11;40.4142066;-3.7020479
C;O;MADRID;MADRID;Calle Alameda 12 28014 Madrid;40.4116645;-3.6940641
C;O;PEDROÑERAS;CUENCA;C/ General Borrero, 23;39.4475234;-2.6697336
C;O;MADRID;MADRID;Calle Ercilla 21 28005 MADRID;40.4023871;-3.7024043
C;O;Cala de Finestrat;Alicante;Av. de la Marina Baixa, 1;38.5256613;-0.1671157
C;O;TERUEL;TERUEL;Paseo del Ovalo, 8;40.3413258;-1.1078801
C;O;Oliva;VALENCIA;Avda Picasso 2;38.8950173;-0.0631283
C;O;TERUEL;TERUEL;Ctra. Castralvo 3;40.3327235;-1.1008796
C;O;Puerto de Sagunto;Valencia;Calle Isla de Amboto, 12;39.6643247;-0.2103993
C;O;VALENCIA;VALENCIA;AVDA DEL PUERTO, 243;39.4614805;-0.3371777
C;O;MÁLAGA;MÁLAGA;Calle Reding 10;36.7178175;-4.411578
C;O;ESTEPONA;MALAGA;Urb La Portada calle Andalucia , 51;36.4298359;-5.1423663
C;O;MÁLAGA;MÁLAGA;Calle Tomas Escalonilla, 4 Gamarra;36.7243082;-4.443062
C;O;MÁLAGA;MÁLAGA;Calle Cuarteles , 49;36.7121482;-4.4295085
C;O;MÁLAGA;MÁLAGA;Avda Carlos Haya, 60;36.7223339;-4.4462043
C;O;MÁLAGA;MÁLAGA;Paseo De Los Tilos, 53;36.7128917;-4.4378027
C;O;Algete;MADRID;Calle Palomares, 11;40.5972679;-3.5007402
C;O;Madrid;MADRID;Calle Santa Virgilia 6;40.4768082;-3.6447298
C;O;MADRID;MADRID;C/ Agastia, 100;40.4527167;-3.6565825
C;O;Madrid;MADRID;Calle Infanta Maria Teresa 12;40.4539474;-3.6808986
C;O;MADRID;MADRID;Calle Rafael Calvo 18;40.4338514;-3.6941019
C;O;Madrid;MADRID;Calle Badajoz, 13;40.3291804;-3.8564932
C;O;Madrid;MADRID;Calle Cartagena 20;40.4323687;-3.6701965
C;O;VALENCIA;Valencia;C/ de Ramon Llull, 19;39.4760963;-0.3471766
C;O;A CORUÑA;A Coruña;c/ Juana de Vega, 10-12;43.3670378;-8.4053908
C;O;MADRID;MADRID;C/ Zurbano, 11;40.4285595;-3.6939024
C;O;Barcelona;Sabadell;Ronda Zamenhof, 30;41.5517295;2.1045423
C;O;A Pobra Do Caramiñal;CORUÑA;Rua Ponte 39;42.6026055;-8.9376653
C;O;MADRID;Madrid;Arturo Soria, 195;40.4587662;-3.6602998
C;O;BILBAO;VIZCAYA;Calle Jardines, 5;43.2583795;-2.9253433
C;O;DERIO;VIZCAYA;Plaza Mikel Deuna 1, Derio;43.2927495;-2.8862603
C;O;BILBAO;VIZCAYA;CALLE MAURICE RAVEL 14;43.2674249;-2.9176343
C;O;A Coruña;CORUÑA;Av. Alcalde Pérez Arda, 47;43.3510145;-8.4035749
C;O;Barcelona;Barcelona;C/ de la Creu Coberta, 93;41.3749346;2.1438854
C;O;BARCELONA;BARCELONA;Calle ESCULTOR ORDÓÑEZ, 18;41.432706;2.174445
C;O;BARCELONA;BARCELONA;Calle Font d'en Canyelles, 37;41.439041;2.1791591
C;O;Vilanova i la Geltru;BARCELONA;Av. Garraf, 63;41.2246449;1.7317632
C;O;Esplugues de Llobregat;BARCELONA;Carrer Pere Pelegrí 10, Bajos;41.3693224;2.098842
C;O;Cornella de Llobregat;BARCELONA;C/ Rubio i Ors,21-23;41.3549425;2.0674491
C;O;El Prat de Llobregat;Barcelona;Carrer Penedes 119;41.3242211;2.092247
C;O;MADRID;Madrid;Calle Alcala, 233;40.4304554;-3.6645559
C;O;MADRID;Madrid;Plaza López de la Plata, 3;40.4587327;-3.6246963
C;O;BARCELONA;BARCELONA CENTRO;Cl. Gran Vía, 573;41.3851711;2.1619718
C;O;Alicante;ALICANTE;Plaza del Ayuntamiento, 2;38.3450802;-0.4805962
C;O;Alicante;ALICANTE;Calle Eusebio Sempere, 9;38.3389427;-0.4917728
C;O;ALICANTE;ALICANTE;AVDA. DE ALCOY, 5;38.3526552;-0.485976
C;O;VALLADOLID;VALLADOLID;Paseo Hospital Militar, 36;41.6447911;-4.7355544
C;O;VALLADOLID;VALLADOLID;Calle Tirso De Molina 18;41.6601042;-4.7233373
C;O;Valladolid;VALLADOLID;Calle Portillo de Balboa 49;41.6627395;-4.7191948
C;O;Boceguillas;Segovia;Calle Bayona, 69;41.3309158;-3.6342256
C;O;MÁLAGA;MÁLAGA;Calle Villafuerte, 35;36.7234962;-4.3600056
C;O;Granada;Granada;Plaza De Los Campos, 4;37.1722778;-3.595494
C;O;Torre Del Mar;MALAGA;Calle Dr. Fleming, 26;36.7431962;-4.0940806
C;O;MÁLAGA;MÁLAGA;Calle Pio Baroja, 6;36.7202903;-4.3647371
C;O;Sevilla;SEVILLA;Plaza De La Alfalfa, 4-5;37.3905888;-5.9909964
C;O;Chiclana de la Frontera;CADIZ;Avenida Solano 2;36.4253389;-6.1442464
C;O;Algeciras;CADIZ;Calle José Carlos De Luna. 4 Calleluna;36.1374445;-5.4484617
C;O;CADIZ;CADIZ;Calle Antonio Muñoz Quero, 2;36.510831;-6.2748569
C;O;Rubi;BARCELONA;Calle Sant Joan 12-14;41.4905856;2.0303164
C;O;Barcelona;BARCELONA;Calle Caponata, 10;41.3958;2.121834
C;O;La Coruña;A Coruña;Ronda Monte Alto 15;43.3811252;-8.4017412
C;O;MADRID;MADRID;CALLE DOCTOR ESQUERDO : 217;40.4015193;-3.67401
C;O;Madrid;MADRID;Calle Cavanilles 27;40.4058674;-3.6751597
C;O;MADRID;MADRID;Calle Santa Susana, 28;40.4787322;-3.6466969
C;O;PALMA DE MALLORCA;MALLORCA;Calle Gremi Tintorers 13;39.6060996;2.6743151
C;O;PALMA DE MALLORCA;MALLORCA;Calle Aragón 52;39.5776782;2.6617053
C;O;NERJA;MALAGA;Calle Castilla Perez, Esquina Manuel Marin;36.745722;-3.8798245
C;O;MÁLAGA;MÁLAGA;CALLE FERNANDO CAMINO, 22;36.7185988;-4.4093551
C;O;Villafrana del Penedes;BARCELONA;Calle Santa Digna, 3-5;41.3457264;1.7016808
C;O;SITGES;BARCELONA;Cami dels Capellans, 49;41.240712;1.8080018
C;O;SEVILLA;SEVILLA;Calle Puente y Pellón, 21;37.3910949;-5.9921258
C;O;SEVILLA;SEVILLA;PLAZA DEL ALTOZANO 8;37.3847683;-6.0031048
C;O;CORDOBA;CORDOBA;Calle Santa Maria de Gracia 3;37.8869734;-4.7714881
C;O;Sevilla;Sevilla;Calle Marqués De La Mina, 8;37.3980292;-5.9979451
C;O;CASTELLÓN;CASTELLON;C/ Santa Maria Rosa Molás, 2;39.9918816;-0.0306232
C;O;SEVILLA;SEVILLA;Calle Feria 3;37.3956604;-5.991452
C;O;SALAMANCA;SALAMANCA;Avda. de Portugal 117;40.9724434;-5.6639131
C;O;Alcobendas;Madrid;Camilo José Cela, 1;40.5467926;-3.6571918
C;O;Salamanca;SALAMANCA;Avenida Filiberto Villalobos, 71 Estacion de Autobuses;40.9701641;-5.6747003
C;O;La Adrada;AVILA;Calle Subida Al Castillo 3;40.301328;-4.6376871
C;O;CABRERIZOS;SALAMANCA;Calle Ronda de las Eras, 23;40.9761386;-5.6116283
C;O;Murcia;MURCIA;Calle Ramon Jara, 31;38.0773423;-1.2751504
C;O;Murcia;MURCIA;Plaza San Julian, 5;37.9846937;-1.1346239
C;O;MADRID;MADRID;C/ ANTONIO CUMELLA 20, BAJO;40.4104958;-3.6354222
C;O;Madrid;MADRID;Paseo de las Delicias,143;40.3918443;-3.6944921
C;O;Cambre;A Coruña;c/ Tapia, 8;43.3175021;-8.3568448
C;O;SAN SEBASTIAN DE LOS REYES;MADRID;Calle Cervante, 12;40.5511187;-3.6343504
C;O;Tres Cantos;Madrid;calle Sector Literatos 21;40.6079497;-3.7134696
C;O;Torrelodones;MADRID;Calle Jesusa Lara 18, Cc Pirámides;40.5790942;-3.9538797
C;O;Valdemoro;Madrid;Avda. del Mar Mediterráneo, 137;40.1794019;-3.6850252
C;O;TOLEDO;TOLEDO;CALLE SILLERIA, 7;39.8600791;-4.0220562
C;O;Toledo;TOLEDO;Calle Trinidad 5;39.8571027;-4.0256686
C;O;Santa Olalla;TOLEDO;Calle Mayor 10;40.0243057;-4.429315
C;O;ZALLA;VIZCAYA;Calle Hermanos Maristas s/n;43.2137691;-3.1315306
C;O;BERANGO;VIZCAYA;Calle Sabino Arana, 15;43.3655932;-3.0000651
C;O;BASAURI;VIZCAYA;CALLE GOIKOA, 46;43.2353175;-2.8912652
C;O;Mungia;VIZCAYA;Calle Bentades, 9;43.3548442;-2.8452322
C;O;BILBAO;VIZCAYA;Estación Renfe Abando, Pza Circular 2;43.2610957;-2.9271295
C;O;LA GARRIGA BARCELONA;BARCELONA;Calle Dels Banys, 108;41.6801966;2.2860937
C;O;Vilassar De Mar;BARCELONA;C/ Narcis Monturiol,72-74;41.5061957;2.3907716
C;O;BADALONA;BARCELONA;Avinguda Martí i Pujol, 27;41.4511217;2.2445075
C;O;San Feliu de Guíxols;GIRONA;Carrer Rutlla 29;41.7824333;3.0300086
C;O;Santa Coloma de Gramanet;BARCELONA;C/ Santa Anna,6;41.4518259;2.206238
C;O;SEVILLA;SEVILLA;JULIO CESAR, 14;37.3900569;-6.0006888
C;O;MADRID;MADRID;Calle Conde Peñalver, 63;40.4332592;-3.6751998
C;O;MADRID;MADRID;C/Duque de Sesto, 28 28009 Madrid;40.4223168;-3.6766524
C;O;MADRID;MADRID;CALLE MARQUES DE JURA REAL, 17;40.391985;-3.709263
C;O;LERIDA;Lérida;Avinguda Alcalde Rovira Roure, 3;41.6197547;0.618603
C;O;CADIZ;CADIZ;Calle Buenos Aires 9,11;36.535416;-6.2979363
C;O;CADIZ;CADIZ;Calle Ana de Viya 32;36.5105024;-6.2796298
C;O;Ceuta;Ceuta;Paseo De Colón, 11;35.8869955;-5.3123234
C;O;CADIZ;CADIZ;Calle Acacias esq. Calle Santa Cruz de Tenerife 4;36.5237333;-6.2855233
C;O;El Puerto de Santa Maria;CADIZ;Calle Caracas 45;36.6083725;-6.2275838
C;O;LEGANES;MADRID;Calle Carmen 10, bajo, Leganés CP 28917 (Madrid);40.3571973;-3.7780799
C;O;Madrid;MADRID;Calle Maiquez 3;40.4219557;-3.6727019
C;O;Madrid;Madrid;Calle Marcelo Usera 118;40.3855396;-3.7094458
C;O;MADRID;MADRID;Calle Desengaño, 12;40.4209871;-3.7031825
C;O;MADRID;MADRID;Calle Arcipreste de Hita 4-6,;40.4333815;-3.7171333
C;O;Albalate de Zorita;GUADALAJARA;C/ La Fuente, 45;40.3069402;-2.8428325
C;O;MADRID;MADRID;Av/ General Perón, 12;40.4523357;-3.6976834
C;O;MADRID;MADRID;Calle Andres Mellado 61;40.4369908;-3.7144315
C;O;ALMERIA;ALMERIA;Calle Poeta Paco Aquino 23,;36.8409578;-2.4571115
C;O;Guadix;GRANADA;Calle Pedro Mendoza y Lujan , 11;37.3040733;-3.1372377
C;O;BENIDORM;ALICANTE;AVDA. MEDITERRANEO,43;38.536361;-0.1118865
C;O;Albacete;ALBACETE;Calle del Tinte 58;38.9920135;-1.8521767
C;O;Albacete;Albacete;Avenida de España 22;38.9840332;-1.8540444
C;O;Gijon;Gijon;Calle Poeta Angel Gonzalez 16;43.5290453;-5.6421385
C;O;Llanes;Asturias;Calle Pidal 14;43.4179819;-4.7537491
C;O;VILLANUEVA DEL PARDILLO;Madrid;Av. Juan Carlos I, s/n;40.4899552;-3.961547
C;O;LA ROBLA;LEON;Calle Alcalde Jose Benjamin Villalobos, 8.;42.8018229;-5.6298853
C;O;VILLARCAYO;BURGOS;C/ Manuel Laredo esq. c/ San Roque;42.939847;-3.5711449
C;O;IZNALLOZ;GRANADA;AVENIDA DE ANDALUCÍA S/N,;37.3948356;-3.5256595
C;O;Granada;GRANADA;Calle Alhondiga ,6;37.173944;-3.6006125
C;O;Armilla;Granada;Calle Real de Motril 14;37.1431747;-3.6260997
C;O;GRANADA;Granada;CAMINO DE RONDA 80,;37.1707833;-3.605837
C;O;Vigo;Pontevedra;Rúa de Bolivia, 4;42.2319637;-8.7208106
C;O;MADRID;MADRID;Calle Príncipe, 9 28012 Madrid;40.4143294;-3.7006735
C;O;FUENLABRADA;MADRID;Calle Argentina 13;40.2849731;-3.7870327
C;O;Madrid;Madrid;Paseo Virgen del Puerto 61;40.4050934;-3.7218879
C;O;Villa Del Prado;MADRID;Calle Oficios 2;40.2770158;-4.3056231
C;O;Madrid;Madrid;Plaza Manuel Becerra 15;40.427779;-3.6671565
C;O;MORATA DE TAJUÑA;MADRID;Calle Mayor 2;41.0380897;-2.9845911
C;O;BARCELONA;BARCELONA;c/ Marina, 265;41.4048755;2.1736163
C;O;FIÑANA;ALMERIA;Calle Juan Aparicio Frente Al Instituto;37.1660791;-2.8419938
C;O;MADRID;MADRID;Calle Illescas 197;40.3913133;-3.7542468
C;O;Madrid;MADRID;Martin De Los Heros 33;40.4261058;-3.7151913
C;O;GETXO;VIZCAYA;Calle Eduardo Coste, 1;43.3236262;-3.0149637
C;O;CADIZ;CADIZ;Calle Ancha , 31;36.5330154;-6.2973778
C;O;Algeciras;CADIZ;Pablo Mayayo, 34;36.1319406;-5.4466188
C;O;Rota;CADIZ;Calle San Rafael 14;36.6203495;-6.3594328
C;O;SEVILLA;SEVILLA;Avenida El Greco, 18;37.3915418;-5.969029
C;O;Jerez De La Frontera;CADIZ;Urb. El Almendral Bl. 10 Y 11;36.7047853;-6.1367935
C;O;Sevilla;Sevilla;Avenida Felipe Ii 12-14.;37.371752;-5.9828635
C;O;Chiclana de la Frontera;CADIZ;Carretera Medina 6 Complejo Huerta Del Rosario;36.4189939;-6.1406948
C;O;Sevilla;SEVILLA;Calle Forjadores 8;37.4210388;-5.9639556
C;O;Salamanca;SALAMANCA;Paseo Carmelitas 11-21;40.969495;-5.6648613
C;O;Salamanca;SALAMANCA;Paseo Canalejas ,84;40.9644972;-5.6583694
C;O;Salamanca;SALAMANCA;Calle María Auxiliadora 23;40.9699768;-5.6590459
C;O;Tarragona;Tarragona;Plaça de la Imperial Tàrraco, 2;41.1184656;1.2444746
C;O;GRANADA;Granada;Paseo de la Bomba, 13;37.1685611;-3.5897863
C;O;GRANADA;GRANADA;Calle Emperatriz Eugenia, 12;37.1758663;-3.6070668
C;O;MÁLAGA;MÁLAGA;Calle Principal Del Candado, 2;36.7194016;-4.3503491
C;O;Torre del Mar;MALAGA;Calle Princesa, 6, Edif. Boulevard;36.7397754;-4.0952515
C;O;Motril;Granada;Rambla De Capuchino, 8;36.7467809;-3.5156996
C;O;MOTRIL;GRANADA;Calle Ancha 63;36.7521392;-3.5124885
C;O;Rinconde La Victoria;MALAGA;Calle Ronda S/N;36.7155229;-4.2832926
C;O;MÁLAGA;MÁLAGA;Calle Almería 19-21;36.7209853;-4.3577964
C;O;Sevilla;Sevilla;Calle Eduardo Dato, 22;37.3828427;-5.9745007
C;O;Melilla;MELILLA;Avda Madrid, 4/Calle Zurbaran;40.4167279;-3.7032905
C;O;Sevilla;Sevilla;Avda Jose Laguillo, 12;37.3931806;-5.9816881
C;O;BARCELONA;BARCELONA CENTRO;Calle Bailén, 33;41.3932325;2.1751103
C;O;Barcelona;Barcelona;Passeig de Sant Joan, 138;41.4015766;2.1673671
C;O;Barcelona;Barcelona;C/ Maria Barrientos, 2-4;41.3799805;2.1270295
C;O;Barcelona;Barcelona;Carrer de Santaló, 147;41.4002469;2.1398759
C;O;Fabero;LEON;Calle Gil y Carrasco 12, CP: 24420,;42.7662532;-6.6262951
C;O;VALENCIA;Valencia;AVENIDA DEL CID 26-28;39.4680227;-0.3940189
C;O;VALENCIA;Valencia;AVINGUDA DEL REGNE DE VALENCIA 78;39.4626024;-0.3640414
C;O;MADRID;MADRID;C/ Toledo, 69;40.4109481;-3.708574
C;O;MADRID;MADRID;Calle Panamá, 10;40.4563648;-3.6879894
C;O;MADRID;MADRID;Calle Galileo 26;40.43245;-3.7101396
C;O;MADRID;MADRID;Avenida de Brasil, 8;40.4547659;-3.6932806
C;O;Madrid;Madrid;Calle Magallanes, 15;40.4346383;-3.7059851
C;O;MADRID;MADRID;C/ Andrés Mellado, 9;40.431399;-3.7148717
C;O;MADRID;MADRID;C/ Mayor, 46;40.4160472;-3.7091438
C;O;Madrid;MADRID;Calle Montera, 32;40.4188428;-3.7019092
C;O;MADRID;MADRID;C/ Fuencarral, 96;40.4277487;-3.7016518
C;O;Perales del Rio;MADRID;calle Groenlandia 2;40.323811;-3.6617738
C;O;MADRID;MADRID;Calle Arturo Soria 310;40.4762212;-3.6681827
C;O;COLLADO VILLALBA;MADRID;Calle Batalla Bailen 2;40.6316087;-4.0060052
C;O;Madrid;MADRID;calle hortaleza, 17;40.4214494;-3.7003494
C;O;Cercedilla;MADRID;Plaza Maria Minguez 7;40.7403585;-4.0550944
C;O;Arenas San Pedro;AVILA;calle De La Huerta 4;40.2098792;-5.0863513
C;O;Madrid;MADRID;Calle San Bernardo 18;40.4224894;-3.7074394
C;O;Torrejón de Ardoz;Madrid;Avenida de Madrid, 9;40.4642846;-3.4744967
C;O;MÁLAGA;MÁLAGA;Pasaje Tamayo Y Baus, 2 (Colonia Sta. Inés);36.7256615;-4.4662904
C;O;Torremolinos;Malaga;Calle Casablanca, 5;36.6221722;-4.4977626
C;O;MÁLAGA;MÁLAGA;Calle Atarazanas, S/N;36.7180877;-4.4240691
C;O;MÁLAGA;MÁLAGA;Calle Martinez Maldonado,68;36.7216409;-4.4408406
C;O;Algeciras;CADIZ;Calle Alfonso XI 19.;36.1321949;-5.4474716
C;O;Algeciras;CADIZ;Calle José Santacana, 5. 7.;36.1280528;-5.4451582
C;O;Sabinillas;Malaga;Avda. Manilva, 1;36.3671907;-5.2273608
C;O;MÁLAGA;MÁLAGA;Calle Camino De Los Guindos, 8;36.6936779;-4.4513746
C;O;MÁLAGA;Málaga;Avenida Carlos Haya, 77;36.7224349;-4.4505283
D;;;;Av. de Juan Pablo II, 88, Beiro, 18013 Granada;37.1986016;-3.6094336
D;;;;C-58, Sortida 12, 08192 Sant Quirze del Vallès, Barcelona;41.5466067;2.0976843
D;;;;Carrer de les Alberedes, 6-12, 08830 Sant Boi de Llobregat, Barcelona;41.3314951;2.0522079
D;;;;Av. Ronda del Tamarguillo, 27, 41006 Sevilla;37.3700704;-5.9665707
D;;;;Av. San Cristóbal, s/n, 23700 Linares, Jaén;38.089657;-3.6435892
D;;;;Autopista Pm, 27, Km. 4,5, 07141 Palma, Islas Baleares;39.5913798;2.6727538
D;;;;C. Periodista José Antonio Garmendia, 3, 41020 Sevilla;37.4083243;-5.9102656
D;;;;A-2, Km. 34 (salida 32) - Nuevos Autobuses Urbanos L1 A y B, L11, 28805, Alcalá de Henares;40.5050269;-3.3344438
D;;;;C. de las Tejeras, s/n, 26007 Logroño, La Rioja;42.4536429;-2.4710053
D;;;;Avda. Diagonal Mar, 15. - C.C.Diagonal Mar, 08019, Barcelona;41.4099274;2.2169511
D;;;;Avda. Gran Bretaña s/n - C.C.Parquesur, 28916, Leganés;40.3401454;-3.7331842
D;;;;Avda. Europa N-V Km.15, 28922, Alcorcón;40.3485751;-3.8503133
D;;;;Av. de Pablo Iglesias, 17, 28942 Fuenlabrada, Madrid;40.30331;-3.8321361
D;;;;Av. de Castilla y León, 22, 09006 Burgos;42.3491856;-3.6818155
D;;;;Ctra. Santa Cruz Laguna, 7B, 38205 Las Chumberas, Santa Cruz de Tenerife;28.4640289;-16.2765972
D;;;;Centro Comercial La Cañada, N-340, s/n, 29603 Marbella, Málaga;36.5212264;-4.8745305
D;;;;Prolongación Avda. Mediterráneo s/n, 04009, Almería;36.8552193;-2.4458135
D;;;;pol. ind. La Puchilla, Av. de Salobreña, s/n, 18600 Motril, Granada;36.7422553;-3.527184
D;;;;Polígono San Jerónimo Salida 36, s/n, 38300 La Orotava, Santa Cruz de Tenerife;28.3951628;-16.5427078
D;;;;Avda. Denia, s/n - La Goteta, 03016, Alicante;38.356899;-0.470821
D;;;;C. Jade, s/n, 03189 La Zenia, Alicante;37.9290339;-0.7345065
D;;;;C.C, Pl. de Utrillas, 6, 50013 Zaragoza;41.6402248;-0.867681
D;;;;Carrer Estrasburg, 5, 08304 Mataró, Barcelona;41.5546169;2.4335338
D;;;;Centro Comercial Plaza Río 2, Calle de Antonio López, 109, Usera, 28026 Madrid;40.3913366;-3.7020586
D;;;;Rda. Aurora Boreal, 3, A, 11408 Jerez de la Frontera, Cádiz;36.6935337;-6.1574923
D;;;;Centro Comercial Alcampo-400, KM 178.5, 16002 Cuenca;40.0775989;-2.1510934
D;;;;Parque Comercial Abadía, Ctra. A-42, Ctra. Madrid Toledo, km 65, 45005 Toledo;39.904901;-4.017429
D;;;;A-3, Km 345, 46960 Aldaia, Valencia;39.4688126;-0.4880746
D;;;;Avenida De La Playa, s/n, 08930 Sant Adrià de Besòs, Barcelona;41.4262812;2.2301239
D;;;;CC Espacio, Av. de la Fontanilla, s/n, 28250 Torrelodones, Madrid;40.568259;-3.9202654
D;;;;Carrer de Laureà Miró, 4, 08950 Esplugues de Llobregat, Barcelona;41.3769891;2.0985085
D;;;;C. Monleón, s/n, Puente de Vallecas, 28038 Madrid;40.39249;-3.6547592
D;;;;;;
D;;;;C. del Camino de los Vinateros, s/n, Moratalaz, 28030 Madrid;40.4098268;-3.6506255
D;;;;Av. de Pío XII, 4, Chamartín, 28016 Madrid;40.4630472;-3.6753174
D;;;;Ctra. Loeches-Ajalvir Km 12,500 Nac. 206. C.C. Parque Corredor, 28851, Torrejón de Ardoz;40.4476842;-3.4680441
D;;;;Autoví­a AS II, 1306, 33211, Gijón;43.511655;-5.6914945
D;;;;Lugar Palavea, 1, 15009, A Coruña;43.3290488;-8.3912536
D;;;;Polígono de La Gándara, 15404, Ferrol;43.486232;-8.1996176
D;;;;Avda. Madrid, s/n, 36214, Vigo;42.2203251;-8.7057268
D;;;;Zona Araso - Barrio de Ventas, s/n, 20305, Irún;43.3255714;-1.7636181
D;;;;Plaza Estación, 1, 36201, Vigo;42.234603;-8.7126481
D;;;;Autovía Gran Canaria I Km. 8 Centro Comercial Telde, 35212, Telde;28.0139747;-15.3895956
D;;;;Av. Valencia, 25-27-29, 44760, Utrillas, Teruel;40.8112384;-0.847315
D;;;;C/ Aritz Bidea, s/n, 48100, Munguía;43.3531554;-2.8396041
D;;;;C/ Los Maceros, s/n, 05003, Ávila;40.6430294;-4.7002141
D;;;;Ctra. Zaragoza - Logroño Km 12, 50180, Utebo;41.703383;-1.0056765
D;;;;Camí dels Carlins, 10, 17190 Salt, Girona;41.9663039;2.7820268
D;;;;El Grove, 1 - Polígono de Coia, 36209, Vigo;42.2191466;-8.7446428
D;;;;C/ Metalurgia, 4, 08800, Vilanova y la Geltrú;41.2391721;1.6864154
D;;;;Avda. As Carolinas, 25, 36600, Vilagarcía de Arousa;42.595216;-8.7557619
D;;;;Autovía V-21, salida Alboraya, 46120, Playa de Alboraya;39.4889024;-0.3239624
D;;;;Ctra N-340 Km 64, 500 - C.C. Salera, 12006, Castellón de la Plana;39.9792427;-0.0626796
D;;;;Avda. Juan de Borbón s/n C.C.Thader., 30110, Murcia;38.032101;-1.149177
D;;;;Avda. Denia, s/n - La Goteta, 03016, Alicante;38.356899;-0.470821
D;;;;C/ Santiago Fernández Portolés, 1, 31500, Tudela;42.0632458;-1.6024945
D;;;;Av. Sagunto, Pol. Fuenfresca, 44002, Teruel;40.3293651;-1.0949401
D;;;;Plaza Juan Carlos I s/n Sector III, 28905, Getafe;40.3082504;-3.7323934
D;;;;Avd. Olí­mpica, 9, 28108, Alcobendas;40.5344289;-3.6389962
D;;;;C/ Tejera, 2, 28770, Colmenar Viejo;40.6173502;-3.9058807
D;;;;C.C Gran Plaza 2, C. de los Químicos, 1, 28222 Majadahonda, Madrid;40.4912587;-3.8972829
D;;;;R. de París, Loc. 33 Q, s/n, 15707 Santiago de Compostela, A Coruña;42.8838987;-8.5255459
D;;;;Astigarragako Bidea, 4 C.C Mamut., 20180, Oiartzun;43.301569;-1.883185
D;;;;Ctra. AS 17 Km 47, Valle del Nalón., 33940, Carrocera-El Entrego-San Martí­n del Rey Aurelio;43.3337329;-5.7121413
D;;;;P. Comercial Las Dunas, Avda de El Puerto de Sta.María, 11540, Sanlúcar de Barrameda;36.7500906;-6.3382846
D;;;;Ctra. Jesús, s/n, 43500, Tortosa;40.8125777;0.5214423
D;;;;Avenida de la Ilustración, 51, 02006, Albacete;39.0084541;-1.8787931
D;;;;Ctra. Aguilera, s/n, 09400, Aranda de Duero;41.6721239;-3.6896805
D;;;;Ctra. de Zaragoza, 117, 44600, Alcañiz;41.0510353;-0.1335373
D;;;;Carretera. N-240, Km. 160, 22300, Barbastro;42.0314152;0.1193633
D;;;;Avda. Martínez de Velasco, 67, 22004, Huesca;42.130824;-0.418741
D;;;;C/ Cabañera Real, s/n (esquina Jaime I), 22520, Fraga;41.5209053;0.3393223
D;;;;Ctra. Erla, S/N, 50600 Ejea de los Caballeros, Zaragoza, 50600, Ejea de los Caballeros;42.1287845;-1.1296438
D;;;;Carrer de Llorenç Milans del Bosch S/N, 43205, Reus;41.1446812;1.0978584
D;;;;Urb. Camaretas Calle A, s/n, 42190, Soria;41.7749797;-2.501813
D;;;;Avda. del Vino S/N, 13300, Valdepeñas;38.7784213;-3.3903453
D;;;;Astola Bidea, 18,, 48200, Durango;43.1639005;-2.6194086
D;;;;Avenida Fuerzas Armadas, s/n, 50300, Calatayud;41.3555246;-1.6314122
D;;;;Av. Santo Domingo de la Calzada, s/n, 26200, Haro;42.5694317;-2.8595226
D;;;;C/ Carlos VII, s/n, 31200, Estella;42.6637728;-2.0326115